"variables","order","R2","R2Cum","AdjR2Cum","F","pvalue","site","trait","env"
"elev_mean",5,0.457931101278888,0.457931101278888,0.45685556774968,425.77110693691,0.001,"TRCP","func","topo"
"sin_aspect",3,0.206189387836663,0.664120489115551,0.662784984102094,308.781151338289,0.001,"TRCP","func","topo"
"cos_aspect",2,0.0587263035228818,0.722846792638433,0.721190498570535,106.369342246244,0.001,"TRCP","func","topo"
"convexity",4,0.0250885305366184,0.747935323175052,0.745922830745311,49.8655898841982,0.001,"TRCP","func","topo"
"slope",6,0.00825817954974195,0.756193502724793,0.753755437752041,16.9359300142444,0.001,"TRCP","func","topo"
"aspect",1,0.00233349793188087,0.758527000656674,0.755623517698638,4.8221352746482,0.023,"TRCP","func","topo"
"MEM8",8,0.133423652300448,0.133423652300448,0.131704254785171,77.5990724163407,0.001,"TRCP","func","topo"
"MEM6",6,0.10714614453143,0.240569796831878,0.237550193638367,70.9670361732747,0.001,"TRCP","func","topo"
"MEM2",2,0.0731092444778602,0.313679041309738,0.30957752163629,53.4747486043902,0.001,"TRCP","func","topo"
"MEM38",38,0.0532277300898508,0.366906771399589,0.361852134843897,42.1219049111749,0.001,"TRCP","func","topo"
"MEM7",7,0.0485923325587791,0.415499103958368,0.409654094997952,41.5673721698778,0.001,"TRCP","func","topo"
"MEM3",3,0.0439020910129455,0.459401194971314,0.452901008938905,40.5238472813445,0.001,"TRCP","func","topo"
"MEM16",16,0.0318324007090779,0.491233595680392,0.484082260679915,31.1587703482917,0.001,"TRCP","func","topo"
"MEM22",22,0.0277537888076885,0.51898738448808,0.51124472669312,28.6762396506821,0.001,"TRCP","func","topo"
"MEM41",41,0.0275209727651539,0.546508357253234,0.538279678251781,30.1006704530139,0.001,"TRCP","func","topo"
"MEM44",44,0.0267362794366051,0.573244636689839,0.564623316218927,31.0118148685125,0.001,"TRCP","func","topo"
"MEM14",14,0.0231182463647506,0.59636288305459,0.587375012029489,28.2937649307691,0.001,"TRCP","func","topo"
"MEM13",13,0.0229886503432086,0.619351533397798,0.61008625632026,29.773940035455,0.001,"TRCP","func","topo"
"MEM12",12,0.0179697456902103,0.637321279088009,0.627738304754968,24.3772638696629,0.001,"TRCP","func","topo"
"MEM43",43,0.0127357640241417,0.65005704311215,0.640079036194778,17.8693698866402,0.001,"TRCP","func","topo"
"MEM10",10,0.0119409612842124,0.661998004396363,0.651651004530945,17.3107588279609,0.002,"TRCP","func","topo"
"MEM4",4,0.0102315988215792,0.672229603217942,0.661505009458202,15.2645018368727,0.001,"TRCP","func","topo"
"MEM18",18,0.00985672690462946,0.682086330122571,0.671011468671923,15.1301538285966,0.001,"TRCP","func","topo"
"MEM72",72,0.00960740892278455,0.691693739045356,0.680298435765718,15.1758453782565,0.002,"TRCP","func","topo"
"MEM1",1,0.00937109913105305,0.701064838176409,0.689378072590713,15.2352575384873,0.002,"TRCP","func","topo"
"MEM58",58,0.0090775670385187,0.710142405214928,0.698189514708327,15.1889068732047,0.001,"TRCP","func","topo"
"MEM20",20,0.0074379854051243,0.717580390620052,0.705326647237864,12.7469368858059,0.001,"TRCP","func","topo"
"MEM28",28,0.00739312479603615,0.724973515416088,0.712446429161748,12.9837651158864,0.001,"TRCP","func","topo"
"MEM23",23,0.00682391846287567,0.731797433878964,0.718999386118001,12.2635989158349,0.001,"TRCP","func","topo"
"MEM32",32,0.00675411740931986,0.738551551288284,0.725506306446119,12.4258930962908,0.002,"TRCP","func","topo"
"MEM47",47,0.00598486083822269,0.744536412126506,0.731231016924762,11.24517676378,0.003,"TRCP","func","topo"
"MEM89",89,0.00567740282955831,0.750213814956065,0.736655483408795,10.8872152192088,0.004,"TRCP","func","topo"
"MEM40",40,0.00541437444667059,0.755628189402735,0.741824760770672,10.5907100298643,0.002,"TRCP","func","topo"
"MEM87",87,0.0052837681000375,0.760911957502773,0.746877439284906,10.5415451036081,0.004,"TRCP","func","topo"
"MEM66",66,0.00462864413884589,0.765540601641619,0.751256310565163,9.39708378302202,0.005,"TRCP","func","topo"
"MEM127",127,0.00424045114187488,0.769781052783493,0.755240908748767,8.74912476468031,0.004,"TRCP","func","topo"
"MEM29",29,0.00417264231422243,0.773953695097716,0.759170076000731,8.74967833602241,0.001,"TRCP","func","topo"
"MEM15",15,0.00415545770592562,0.778109152803641,0.763097509864353,8.85810081730616,0.008,"TRCP","func","topo"
"MEM69",69,0.00410920144814542,0.782218354251787,0.766992095121086,8.90590700084537,0.001,"TRCP","func","topo"
"MEM25",25,0.00407473454083052,0.786293088792617,0.770866262930513,8.98052364281644,0.004,"TRCP","func","topo"
"MEM50",50,0.00373529280136431,0.790028381593982,0.774392197244597,8.36107103411699,0.008,"TRCP","func","topo"
"MEM109",109,0.00368945350586047,0.793717835099842,0.777883809649084,8.38828550731018,0.004,"TRCP","func","topo"
"MEM5",5,0.00368150742899742,0.79739934252884,0.781381769181761,8.50414553573721,0.006,"TRCP","func","topo"
"MEM138",138,0.00358030926083486,0.800979651789674,0.784785276560569,8.40117324607882,0.01,"TRCP","func","topo"
"MEM68",68,0.00355088382497981,0.804530535614654,0.788171503187554,8.46532151527523,0.004,"TRCP","func","topo"
"MEM91",91,0.00350086775563441,0.808031403370289,0.791517975703217,8.48005108622045,0.003,"TRCP","func","topo"
"MEM30",30,0.00349690579553286,0.811528309165822,0.794874560622284,8.60906103163691,0.005,"TRCP","func","topo"
"MEM74",74,0.00345732888777495,0.814985638053596,0.79820247779064,8.65199467868076,0.004,"TRCP","func","topo"
"MEM34",34,0.00335298515340587,0.818338623207002,0.801430746146182,8.52728944490321,0.006,"TRCP","func","topo"
"MEM111",111,0.00333420324644973,0.821672826453452,0.804652445464194,8.61936891638173,0.006,"TRCP","func","topo"
"MEM9",9,0.0032351873059403,0.824908013759392,0.807779449888029,8.49945330272001,0.005,"TRCP","func","topo"
"MEM188",188,0.00293779450492249,0.827845808264315,0.810592882730891,7.83279026879429,0.005,"TRCP","func","topo"
"MEM24",24,0.00290956013642951,0.830755368400744,0.813387469524838,7.87368278622893,0.006,"TRCP","func","topo"
"MEM17",17,0.00289666161995095,0.833652030020695,0.816180033173854,7.95786302942124,0.004,"TRCP","func","topo"
"MEM187",187,0.00267787889346427,0.83632990891416,0.818742552635199,7.46081808422326,0.005,"TRCP","func","topo"
"MEM52",52,0.00266792340900712,0.838997832323167,0.821305286424614,7.53968203418736,0.005,"TRCP","func","topo"
"MEM65",65,0.00264342869707057,0.841641261020237,0.823852063469647,7.57846795321733,0.004,"TRCP","func","topo"
"MEM49",49,0.0026120433951603,0.844253304415398,0.826375096533721,7.59730826754437,0.006,"TRCP","func","topo"
"MEM63",63,0.00257585268139826,0.846829157096796,0.828868859145756,7.60122089768599,0.006,"TRCP","func","topo"
"MEM171",171,0.00249646410172621,0.849325621198522,0.83128478648615,7.47244036334782,0.007,"TRCP","func","topo"
"MEM128",128,0.00248316083763467,0.851808782036157,0.833696522062798,7.54040888717331,0.006,"TRCP","func","topo"
"MEM60",60,0.00244940177880848,0.854258183814965,0.836081030794115,7.5460936845244,0.01,"TRCP","func","topo"
"MEM83",83,0.00236497491220089,0.856623158727166,0.838381015975935,7.38967849521698,0.003,"TRCP","func","topo"
"MEM129",129,0.00235940458700534,0.858982563314171,0.840684998822498,7.47888966909136,0.004,"TRCP","func","topo"
"MEM56",56,0.00232291862751677,0.861305481941688,0.842958000853257,7.46981007163456,0.006,"TRCP","func","topo"
"MEM64",64,0.00231753165610893,0.863623013597797,0.845235105318848,7.56213796898958,0.008,"TRCP","func","topo"
"MEM78",78,0.00222041331389533,0.865843426911692,0.847412005834245,7.34860386393882,0.012,"TRCP","func","topo"
"MEM193",193,0.00208116054182517,0.867924587453518,0.849439992469586,6.98051289223933,0.014,"TRCP","func","topo"
"MEM27",27,0.00207972604783624,0.870004313501354,0.851475516556977,7.0713031939963,0.01,"TRCP","func","topo"
"MEM118",118,0.00201618791950475,0.872020501420859,0.853447512964929,6.94751020572065,0.009,"TRCP","func","topo"
"MEM77",77,0.00199386391981848,0.874014365340677,0.855402851129641,6.96349331487225,0.006,"TRCP","func","topo"
"MEM103",103,0.00197175006402139,0.875986115404699,0.857341658950735,6.9798497235219,0.008,"TRCP","func","topo"
"MEM71",71,0.00185474844948008,0.877840863854179,0.85915442065379,6.65017653614166,0.013,"TRCP","func","topo"
"MEM182",182,0.00184925205271613,0.879690115906895,0.860969127077762,6.71701376099374,0.012,"TRCP","func","topo"
"MEM110",110,0.00184856562624969,0.881538681533144,0.862791362784949,6.8036944335578,0.009,"TRCP","func","topo"
"MEM203",203,0.00182288162645083,0.883361563159595,0.864592159530105,6.79838935591278,0.011,"TRCP","func","topo"
"MEM59",59,0.00178098300380181,0.885142546163397,0.866352501872156,6.72961656236593,0.01,"TRCP","func","topo"
"MEM35",35,0.00172607625145915,0.886868622414856,0.868056938382223,6.60639897467278,0.011,"TRCP","func","topo"
"MEM21",21,0.00172116173959203,0.888589784154448,0.869763520828695,6.67391105798169,0.009,"TRCP","func","topo"
"MEM124",124,0.00170802525474245,0.890297809409191,0.871462630514249,6.71052128338876,0.009,"TRCP","func","topo"
"MEM48",48,0.00157945175040375,0.891877261159594,0.873018643919989,6.28141924591913,0.016,"TRCP","func","topo"
"MEM37",37,0.0015339673988547,0.893411228558449,0.87452836928209,6.17393375689226,0.01,"TRCP","func","topo"
"MEM94",94,0.00152438279933287,0.894935611357782,0.876033840503925,6.20986660224375,0.014,"TRCP","func","topo"
"MEM164",164,0.0014501232302303,0.896385734588012,0.877458538564277,5.97603637729116,0.011,"TRCP","func","topo"
"MEM151",151,0.0013780970275602,0.897763831615572,0.87880454217339,5.7422861499773,0.016,"TRCP","func","topo"
"MEM88",88,0.00136031588905727,0.89912414750463,0.880135751740795,5.73114614199543,0.012,"TRCP","func","topo"
"MEM114",114,0.00135289312238362,0.900477040627013,0.8814643998034,5.76376232685014,0.013,"TRCP","func","topo"
"MEM156",156,0.00133474127446453,0.901811781901478,0.882777659244081,5.75013550538195,0.023,"TRCP","func","topo"
"MEM42",42,0.00130987648978664,0.903121658391265,0.884067387411347,5.7057941900207,0.013,"TRCP","func","topo"
"MEM233",233,0.00127243802734089,0.904394096418605,0.885318334183838,5.60317291551404,0.02,"TRCP","func","topo"
"MEM108",108,0.00120745666729705,0.905601553085903,0.886497105496145,5.37224728629539,0.024,"TRCP","func","topo"
"MEM167",167,0.00118641838617561,0.906787971472078,0.887656147000953,5.3331025153977,0.033,"TRCP","func","topo"
"MEM172",172,0.00116466555073447,0.907952637022813,0.888794453819427,5.28890980100822,0.033,"TRCP","func","topo"
"MEM195",195,0.00115039901626257,0.909103036039075,0.889920942925019,5.27758429849994,0.027,"TRCP","func","topo"
"MEM141",141,0.00110841777910908,0.910211453818184,0.891001885043709,5.13541888935008,0.023,"TRCP","func","topo"
"MEM163",163,0.00104885822606793,0.911260312044252,0.892015560439391,4.90509008816045,0.032,"TRCP","func","topo"
"MEM39",39,0.00101172999620114,0.912272042040453,0.892988843551761,4.77448954893508,0.029,"TRCP","func","topo"
"MEM102",102,0.00100182797031778,0.913273870010771,0.893954732095495,4.77082226305533,0.034,"TRCP","func","topo"
"pHCaCl2",13,0.524074817638545,0.524074817638545,0.523130521641796,554.989981364807,0.001,"TRCP","func","soil"
"NH4",10,0.0507018992136803,0.574776716852225,0.573085968211479,59.9756794023395,0.001,"TRCP","func","soil"
"K",6,0.0395731524800274,0.614349869332252,0.612045187276469,51.5122930480447,0.001,"TRCP","func","soil"
"Ca",3,0.0301233036650284,0.644473172997281,0.641634635456341,42.4490474134144,0.001,"TRCP","func","soil"
"BS",2,0.0145947401354034,0.659067913132684,0.655658592264011,21.4041750506801,0.001,"TRCP","func","soil"
"P",12,0.0103294459688059,0.66939735910149,0.665422177046598,15.5909024937779,0.001,"TRCP","func","soil"
"Fe",5,0.00422545560153176,0.673622814703022,0.66903518358439,6.44737740368735,0.013,"TRCP","func","soil"
"TEB",14,0.00295765904300582,0.676580473746028,0.671374525637312,4.54504575342052,0.031,"TRCP","func","soil"
"Mg",7,0.0168087118780782,0.693389185624106,0.687825682943898,27.191216684568,0.001,"TRCP","func","soil"
"ECEC",4,0.00174634509756033,0.695135530721666,0.688976652554427,2.83549219539634,0.093,"TRCP","func","soil"
"TotN",11,0.00126385118165617,0.696399381903322,0.689639044253396,2.05645985720403,0.157,"TRCP","func","soil"
"MEM8",8,0.133423652300448,0.133423652300448,0.131704254785171,77.5990724163407,0.001,"TRCP","func","soil"
"MEM6",6,0.10714614453143,0.240569796831878,0.237550193638367,70.9670361732747,0.001,"TRCP","func","soil"
"MEM2",2,0.0731092444778602,0.313679041309738,0.30957752163629,53.4747486043902,0.001,"TRCP","func","soil"
"MEM38",38,0.0532277300898508,0.366906771399589,0.361852134843897,42.1219049111749,0.001,"TRCP","func","soil"
"MEM7",7,0.0485923325587791,0.415499103958368,0.409654094997952,41.5673721698778,0.001,"TRCP","func","soil"
"MEM3",3,0.0439020910129455,0.459401194971314,0.452901008938905,40.5238472813445,0.001,"TRCP","func","soil"
"MEM16",16,0.0318324007090779,0.491233595680392,0.484082260679915,31.1587703482917,0.001,"TRCP","func","soil"
"MEM22",22,0.0277537888076885,0.51898738448808,0.51124472669312,28.6762396506821,0.001,"TRCP","func","soil"
"MEM41",41,0.0275209727651539,0.546508357253234,0.538279678251781,30.1006704530139,0.001,"TRCP","func","soil"
"MEM44",44,0.0267362794366051,0.573244636689839,0.564623316218927,31.0118148685125,0.001,"TRCP","func","soil"
"MEM14",14,0.0231182463647506,0.59636288305459,0.587375012029489,28.2937649307691,0.001,"TRCP","func","soil"
"MEM13",13,0.0229886503432086,0.619351533397798,0.61008625632026,29.773940035455,0.001,"TRCP","func","soil"
"MEM12",12,0.0179697456902103,0.637321279088009,0.627738304754968,24.3772638696629,0.001,"TRCP","func","soil"
"MEM43",43,0.0127357640241417,0.65005704311215,0.640079036194778,17.8693698866402,0.001,"TRCP","func","soil"
"MEM10",10,0.0119409612842124,0.661998004396363,0.651651004530945,17.3107588279609,0.001,"TRCP","func","soil"
"MEM4",4,0.0102315988215792,0.672229603217942,0.661505009458202,15.2645018368727,0.001,"TRCP","func","soil"
"MEM18",18,0.00985672690462946,0.682086330122571,0.671011468671923,15.1301538285966,0.001,"TRCP","func","soil"
"MEM72",72,0.00960740892278455,0.691693739045356,0.680298435765718,15.1758453782565,0.001,"TRCP","func","soil"
"MEM1",1,0.00937109913105305,0.701064838176409,0.689378072590713,15.2352575384873,0.001,"TRCP","func","soil"
"MEM58",58,0.0090775670385187,0.710142405214928,0.698189514708327,15.1889068732047,0.001,"TRCP","func","soil"
"MEM20",20,0.0074379854051243,0.717580390620052,0.705326647237864,12.7469368858059,0.001,"TRCP","func","soil"
"MEM28",28,0.00739312479603615,0.724973515416088,0.712446429161748,12.9837651158864,0.002,"TRCP","func","soil"
"MEM23",23,0.00682391846287567,0.731797433878964,0.718999386118001,12.2635989158349,0.001,"TRCP","func","soil"
"MEM32",32,0.00675411740931986,0.738551551288284,0.725506306446119,12.4258930962908,0.002,"TRCP","func","soil"
"MEM47",47,0.00598486083822269,0.744536412126506,0.731231016924762,11.24517676378,0.001,"TRCP","func","soil"
"MEM89",89,0.00567740282955831,0.750213814956065,0.736655483408795,10.8872152192088,0.003,"TRCP","func","soil"
"MEM40",40,0.00541437444667059,0.755628189402735,0.741824760770672,10.5907100298643,0.004,"TRCP","func","soil"
"MEM87",87,0.0052837681000375,0.760911957502773,0.746877439284906,10.5415451036081,0.001,"TRCP","func","soil"
"MEM66",66,0.00462864413884589,0.765540601641619,0.751256310565163,9.39708378302202,0.002,"TRCP","func","soil"
"MEM127",127,0.00424045114187488,0.769781052783493,0.755240908748767,8.74912476468031,0.003,"TRCP","func","soil"
"MEM29",29,0.00417264231422243,0.773953695097716,0.759170076000731,8.74967833602241,0.007,"TRCP","func","soil"
"MEM15",15,0.00415545770592562,0.778109152803641,0.763097509864353,8.85810081730616,0.005,"TRCP","func","soil"
"MEM69",69,0.00410920144814542,0.782218354251787,0.766992095121086,8.90590700084537,0.004,"TRCP","func","soil"
"MEM25",25,0.00407473454083052,0.786293088792617,0.770866262930513,8.98052364281644,0.001,"TRCP","func","soil"
"MEM50",50,0.00373529280136431,0.790028381593982,0.774392197244597,8.36107103411699,0.007,"TRCP","func","soil"
"MEM109",109,0.00368945350586047,0.793717835099842,0.777883809649084,8.38828550731018,0.003,"TRCP","func","soil"
"MEM5",5,0.00368150742899742,0.79739934252884,0.781381769181761,8.50414553573721,0.006,"TRCP","func","soil"
"MEM138",138,0.00358030926083486,0.800979651789674,0.784785276560569,8.40117324607882,0.007,"TRCP","func","soil"
"MEM68",68,0.00355088382497981,0.804530535614654,0.788171503187554,8.46532151527523,0.005,"TRCP","func","soil"
"MEM91",91,0.00350086775563441,0.808031403370289,0.791517975703217,8.48005108622045,0.005,"TRCP","func","soil"
"MEM30",30,0.00349690579553286,0.811528309165822,0.794874560622284,8.60906103163691,0.006,"TRCP","func","soil"
"MEM74",74,0.00345732888777495,0.814985638053596,0.79820247779064,8.65199467868076,0.002,"TRCP","func","soil"
"MEM34",34,0.00335298515340587,0.818338623207002,0.801430746146182,8.52728944490321,0.006,"TRCP","func","soil"
"MEM111",111,0.00333420324644973,0.821672826453452,0.804652445464194,8.61936891638173,0.005,"TRCP","func","soil"
"MEM9",9,0.0032351873059403,0.824908013759392,0.807779449888029,8.49945330272001,0.004,"TRCP","func","soil"
"MEM188",188,0.00293779450492249,0.827845808264315,0.810592882730891,7.83279026879429,0.009,"TRCP","func","soil"
"MEM24",24,0.00290956013642951,0.830755368400744,0.813387469524838,7.87368278622893,0.004,"TRCP","func","soil"
"MEM17",17,0.00289666161995095,0.833652030020695,0.816180033173854,7.95786302942124,0.004,"TRCP","func","soil"
"MEM187",187,0.00267787889346427,0.83632990891416,0.818742552635199,7.46081808422326,0.008,"TRCP","func","soil"
"MEM52",52,0.00266792340900712,0.838997832323167,0.821305286424614,7.53968203418736,0.009,"TRCP","func","soil"
"MEM65",65,0.00264342869707057,0.841641261020237,0.823852063469647,7.57846795321733,0.005,"TRCP","func","soil"
"MEM49",49,0.0026120433951603,0.844253304415398,0.826375096533721,7.59730826754437,0.007,"TRCP","func","soil"
"MEM63",63,0.00257585268139826,0.846829157096796,0.828868859145756,7.60122089768599,0.006,"TRCP","func","soil"
"MEM171",171,0.00249646410172621,0.849325621198522,0.83128478648615,7.47244036334782,0.005,"TRCP","func","soil"
"MEM128",128,0.00248316083763467,0.851808782036157,0.833696522062798,7.54040888717331,0.007,"TRCP","func","soil"
"MEM60",60,0.00244940177880848,0.854258183814965,0.836081030794115,7.5460936845244,0.007,"TRCP","func","soil"
"MEM83",83,0.00236497491220089,0.856623158727166,0.838381015975935,7.38967849521698,0.009,"TRCP","func","soil"
"MEM129",129,0.00235940458700534,0.858982563314171,0.840684998822498,7.47888966909136,0.005,"TRCP","func","soil"
"MEM56",56,0.00232291862751677,0.861305481941688,0.842958000853257,7.46981007163456,0.005,"TRCP","func","soil"
"MEM64",64,0.00231753165610893,0.863623013597797,0.845235105318848,7.56213796898958,0.003,"TRCP","func","soil"
"MEM78",78,0.00222041331389533,0.865843426911692,0.847412005834245,7.34860386393882,0.004,"TRCP","func","soil"
"MEM193",193,0.00208116054182517,0.867924587453518,0.849439992469586,6.98051289223933,0.008,"TRCP","func","soil"
"MEM27",27,0.00207972604783624,0.870004313501354,0.851475516556977,7.0713031939963,0.005,"TRCP","func","soil"
"MEM118",118,0.00201618791950475,0.872020501420859,0.853447512964929,6.94751020572065,0.008,"TRCP","func","soil"
"MEM77",77,0.00199386391981848,0.874014365340677,0.855402851129641,6.96349331487225,0.007,"TRCP","func","soil"
"MEM103",103,0.00197175006402139,0.875986115404699,0.857341658950735,6.9798497235219,0.014,"TRCP","func","soil"
"MEM71",71,0.00185474844948008,0.877840863854179,0.85915442065379,6.65017653614166,0.011,"TRCP","func","soil"
"MEM182",182,0.00184925205271613,0.879690115906895,0.860969127077762,6.71701376099374,0.013,"TRCP","func","soil"
"MEM110",110,0.00184856562624969,0.881538681533144,0.862791362784949,6.8036944335578,0.014,"TRCP","func","soil"
"MEM203",203,0.00182288162645083,0.883361563159595,0.864592159530105,6.79838935591278,0.012,"TRCP","func","soil"
"MEM59",59,0.00178098300380181,0.885142546163397,0.866352501872156,6.72961656236593,0.007,"TRCP","func","soil"
"MEM35",35,0.00172607625145915,0.886868622414856,0.868056938382223,6.60639897467278,0.015,"TRCP","func","soil"
"MEM21",21,0.00172116173959203,0.888589784154448,0.869763520828695,6.67391105798169,0.013,"TRCP","func","soil"
"MEM124",124,0.00170802525474245,0.890297809409191,0.871462630514249,6.71052128338876,0.015,"TRCP","func","soil"
"MEM48",48,0.00157945175040375,0.891877261159594,0.873018643919989,6.28141924591913,0.015,"TRCP","func","soil"
"MEM37",37,0.0015339673988547,0.893411228558449,0.87452836928209,6.17393375689226,0.01,"TRCP","func","soil"
"MEM94",94,0.00152438279933287,0.894935611357782,0.876033840503925,6.20986660224375,0.013,"TRCP","func","soil"
"MEM164",164,0.0014501232302303,0.896385734588012,0.877458538564277,5.97603637729116,0.011,"TRCP","func","soil"
"MEM151",151,0.0013780970275602,0.897763831615572,0.87880454217339,5.7422861499773,0.02,"TRCP","func","soil"
"MEM88",88,0.00136031588905727,0.89912414750463,0.880135751740795,5.73114614199543,0.015,"TRCP","func","soil"
"MEM114",114,0.00135289312238362,0.900477040627013,0.8814643998034,5.76376232685014,0.02,"TRCP","func","soil"
"MEM156",156,0.00133474127446453,0.901811781901478,0.882777659244081,5.75013550538195,0.014,"TRCP","func","soil"
"MEM42",42,0.00130987648978664,0.903121658391265,0.884067387411347,5.7057941900207,0.018,"TRCP","func","soil"
"MEM233",233,0.00127243802734089,0.904394096418605,0.885318334183838,5.60317291551404,0.019,"TRCP","func","soil"
"MEM108",108,0.00120745666729705,0.905601553085903,0.886497105496145,5.37224728629539,0.022,"TRCP","func","soil"
"MEM167",167,0.00118641838617561,0.906787971472078,0.887656147000953,5.3331025153977,0.025,"TRCP","func","soil"
"MEM172",172,0.00116466555073447,0.907952637022813,0.888794453819427,5.28890980100822,0.025,"TRCP","func","soil"
"MEM195",195,0.00115039901626257,0.909103036039075,0.889920942925019,5.27758429849994,0.02,"TRCP","func","soil"
"MEM141",141,0.00110841777910908,0.910211453818184,0.891001885043709,5.13541888935008,0.019,"TRCP","func","soil"
"MEM163",163,0.00104885822606793,0.911260312044252,0.892015560439391,4.90509008816045,0.026,"TRCP","func","soil"
"MEM39",39,0.00101172999620114,0.912272042040453,0.892988843551761,4.77448954893508,0.029,"TRCP","func","soil"
"MEM102",102,0.00100182797031778,0.913273870010771,0.893954732095495,4.77082226305533,0.03,"TRCP","func","soil"
"elev_mean",5,0.263689792580555,0.263689792580555,0.262228859629326,180.494109848585,0.001,"TRCP","meta","topo"
"cos_aspect",2,0.0343601193530551,0.29804991193361,0.295258857905513,24.6216081861251,0.001,"TRCP","meta","topo"
"sin_aspect",3,0.0138798951696496,0.31192980710326,0.307817833838936,10.1264485035028,0.003,"TRCP","meta","topo"
"slope",6,0.00940677056358941,0.321336577666849,0.315918107229059,6.94422580806899,0.011,"TRCP","meta","topo"
"aspect",1,0.00782202767729562,0.329158605344145,0.322450191397586,5.8300126822886,0.015,"TRCP","meta","topo"
"convexity",4,0.00413263010406201,0.333291235448207,0.325274697197083,3.09307831480704,0.094,"TRCP","meta","topo"
"MEM17",17,0.0637628090034083,0.0637628090034083,0.0619051955292086,34.3251219314516,0.001,"TRCP","meta","topo"
"MEM20",20,0.0569932170763582,0.120756026079766,0.117260026183463,32.6048162281848,0.001,"TRCP","meta","topo"
"MEM3",3,0.0505733096293766,0.171329335709143,0.166377120583899,30.6367807235857,0.001,"TRCP","meta","topo"
"MEM44",44,0.0488078628300117,0.220137198539155,0.213910749026493,31.3551809780269,0.001,"TRCP","meta","topo"
"MEM1",1,0.0446264163046312,0.264763614843786,0.257411250992224,30.3483459235696,0.001,"TRCP","meta","topo"
"MEM2",2,0.0431861028503372,0.307949717694123,0.299628471814694,31.1391612333647,0.001,"TRCP","meta","topo"
"MEM6",6,0.0396541737569859,0.347603891451109,0.338433665025723,30.269614230078,0.001,"TRCP","meta","topo"
"MEM7",7,0.0376794609981053,0.385283352449214,0.375388517076163,30.4639417049645,0.001,"TRCP","meta","topo"
"MEM14",14,0.0370044530899771,0.422287805539191,0.411805124591314,31.7705059865649,0.001,"TRCP","meta","topo"
"MEM22",22,0.0366996479364387,0.45898745347563,0.448057907081199,33.5783815832797,0.001,"TRCP","meta","topo"
"MEM15",15,0.0299578539949865,0.488945307470617,0.477565547110651,28.9581136615284,0.001,"TRCP","meta","topo"
"MEM16",16,0.0265599808735194,0.515505288344136,0.503712313618233,27.0262404431481,0.001,"TRCP","meta","topo"
"MEM19",19,0.0264152909223528,0.541920579266489,0.529816854734912,28.3713315760549,0.001,"TRCP","meta","topo"
"MEM27",27,0.0217223927602959,0.563642972026785,0.551201020109015,24.442587517944,0.001,"TRCP","meta","topo"
"MEM28",28,0.0146834225988285,0.578326394625613,0.565418018950887,17.0626688076384,0.001,"TRCP","meta","topo"
"MEM65",65,0.0114949203273268,0.58982131495294,0.576400335483098,13.7038228581232,0.001,"TRCP","meta","topo"
"MEM9",9,0.0108018210898996,0.60062313604284,0.586710417421381,13.1987833237041,0.001,"TRCP","meta","topo"
"MEM58",58,0.0106017482265369,0.611224884269376,0.596855372805,13.2803031300514,0.001,"TRCP","meta","topo"
"MEM109",109,0.00960306268309519,0.620827946952472,0.606004348170778,12.308629885756,0.001,"TRCP","meta","topo"
"MEM84",84,0.00934825141416307,0.630176198366635,0.614925732319898,12.2596271950173,0.001,"TRCP","meta","topo"
"MEM31",31,0.0082708187756857,0.63844701714232,0.62275980094395,11.0718939608573,0.001,"TRCP","meta","topo"
"MEM38",38,0.00811479136273119,0.646561808505052,0.630463174523915,11.0894756778292,0.002,"TRCP","meta","topo"
"MEM18",18,0.00807405836419117,0.654635866869243,0.638155835620265,11.2683853307567,0.001,"TRCP","meta","topo"
"MEM82",82,0.00800810706601562,0.662643973935258,0.645811240825999,11.417906310096,0.005,"TRCP","meta","topo"
"MEM66",66,0.007278036729502,0.66992201066476,0.652730448720217,10.5837339751027,0.003,"TRCP","meta","topo"
"MEM10",10,0.00673238252075858,0.676654393185519,0.659103274652791,9.97326439413662,0.003,"TRCP","meta","topo"
"MEM36",36,0.00641278223142716,0.683067175416946,0.665165112103677,9.67179688836207,0.004,"TRCP","meta","topo"
"MEM29",29,0.00599040464732747,0.689057580064274,0.670805194826956,9.18955675898403,0.002,"TRCP","meta","topo"
"MEM100",100,0.00595634536214718,0.695013925426421,0.67643284105114,9.2962290043772,0.002,"TRCP","meta","topo"
"MEM21",21,0.00568849234033486,0.700702417766756,0.681799412573077,9.02791743754665,0.005,"TRCP","meta","topo"
"MEM49",49,0.00568001010254626,0.706382427869302,0.687179590873412,9.16949475833311,0.005,"TRCP","meta","topo"
"MEM35",35,0.00556813597460604,0.711950563843908,0.692463075562735,9.14332050475341,0.005,"TRCP","meta","topo"
"MEM139",139,0.0054379435747236,0.717388507418632,0.697629653064426,9.08211249240171,0.006,"TRCP","meta","topo"
"MEM8",8,0.00527992463039939,0.722668432049031,0.702648743492061,8.96704446339039,0.003,"TRCP","meta","topo"
"MEM81",81,0.00470230911259994,0.727370741161631,0.707068562311965,8.10655940722872,0.006,"TRCP","meta","topo"
"MEM4",4,0.00466525547651375,0.732035996638145,0.711467331134889,8.16529381198375,0.006,"TRCP","meta","topo"
"MEM93",93,0.00460013174695939,0.736636128385104,0.715814625714696,8.17447603718789,0.002,"TRCP","meta","topo"
"MEM108",108,0.00457373478379586,0.7412098631689,0.720151993362515,8.25353767414516,0.006,"TRCP","meta","topo"
"MEM43",43,0.00452051285151012,0.74573037602041,0.724450300193792,8.28474497202547,0.005,"TRCP","meta","topo"
"MEM91",91,0.00450117983638576,0.750231555856796,0.72874609829609,8.37995620743561,0.006,"TRCP","meta","topo"
"MEM192",192,0.00416213091904494,0.754393686775841,0.732691404788361,7.86310710455664,0.007,"TRCP","meta","topo"
"MEM55",55,0.00412118221204427,0.758514868987885,0.736609090364756,7.90155218327198,0.01,"TRCP","meta","topo"
"MEM118",118,0.00405450711725452,0.76256937610514,0.74047085483354,7.88938788705318,0.009,"TRCP","meta","topo"
"MEM154",154,0.00402999202095766,0.766599368126097,0.744322518229239,7.95981701825552,0.007,"TRCP","meta","topo"
"MEM32",32,0.00389440873252456,0.770493776858622,0.74804208111653,7.80557490965183,0.008,"TRCP","meta","topo"
"MEM95",95,0.00350467715618774,0.773998454014809,0.751349061606708,7.11785756897249,0.01,"TRCP","meta","topo"
"MEM33",33,0.00348699026102672,0.777485444275836,0.754650981133837,7.17724525639565,0.006,"TRCP","meta","topo"
"MEM26",26,0.00306021114519761,0.780545655421034,0.757495746143593,6.37269905063137,0.011,"TRCP","meta","topo"
"MEM105",105,0.00293219233873299,0.783477847759767,0.760211212979566,6.17525593861057,0.01,"TRCP","meta","topo"
"MEM236",236,0.0028859104911092,0.786363758250876,0.762887248168555,6.14637882928434,0.015,"TRCP","meta","topo"
"MEM63",63,0.00279471991465963,0.789158478165536,0.765473637607039,6.01780346781803,0.015,"TRCP","meta","topo"
"MEM111",111,0.00278054157814644,0.791939019743682,0.76805564011161,6.05392387053358,0.015,"TRCP","meta","topo"
"MEM34",34,0.0026848404648504,0.794623860208532,0.770542144702011,5.90890398146825,0.017,"TRCP","meta","topo"
"MEM219",219,0.00262643852648003,0.797250298735013,0.77297428128865,5.84229603324722,0.023,"TRCP","meta","topo"
"MEM146",146,0.00262289511966673,0.799873193854679,0.775413250881362,5.89777464890416,0.014,"TRCP","meta","topo"
"MEM89",89,0.00259355057732946,0.802466744432009,0.777830080040455,5.89523118966722,0.022,"TRCP","meta","topo"
"MEM62",62,0.00252236936350936,0.804989113795518,0.780177460863251,5.79465842572137,0.018,"TRCP","meta","topo"
"MEM13",13,0.00247799810834093,0.807467111903859,0.782485215909281,5.75312179327661,0.018,"TRCP","meta","topo"
"MEM96",96,0.00245528090490199,0.809922392808761,0.78477759723862,5.76109569016482,0.014,"TRCP","meta","topo"
"MEM92",92,0.00243980748201611,0.812362200290777,0.787062721678298,5.78622394410759,0.013,"TRCP","meta","topo"
"MEM74",74,0.00221538779344477,0.814577588084222,0.789102887348045,5.30481817233754,0.027,"TRCP","meta","topo"
"MEM69",69,0.00198978035981423,0.816567368444036,0.790895081409116,4.8054301566773,0.031,"TRCP","meta","topo"
"MEM170",170,0.00198341590302409,0.81855078434706,0.792688113337705,4.83148866740468,0.041,"TRCP","meta","topo"
"MEM110",110,0.00194218227493848,0.820492966621999,0.794442059283695,4.77141406177811,0.033,"TRCP","meta","topo"
"MEM194",194,0.00193686925192049,0.822429835873919,0.796197879809839,4.79935621526998,0.025,"TRCP","meta","topo"
"MEM98",98,0.00192227976143367,0.824352115635353,0.797944916619255,4.8043892946497,0.036,"TRCP","meta","topo"
"MEM126",126,0.00190736297308214,0.826259478608435,0.799682732185524,4.80846365326112,0.026,"TRCP","meta","topo"
"MEM40",40,0.00190482110264423,0.828164299711079,0.801425563739348,4.84420187688552,0.029,"TRCP","meta","topo"
"MEM131",131,0.00188971292726148,0.830054012638341,0.803158890785234,4.84809820506467,0.032,"TRCP","meta","topo"
"MEM158",158,0.00185978196831071,0.831913794606651,0.804865439715768,4.81303718126041,0.037,"TRCP","meta","topo"
"MEM106",106,0.00179949124246204,0.833713285849113,0.806509698971895,4.69658206439675,0.022,"TRCP","meta","topo"
"MEM142",142,0.00179093954480158,0.835504225393915,0.808151579270039,4.71426591203395,0.035,"TRCP","meta","topo"
"MEM150",150,0.00173398854289619,0.837238213936811,0.809734486199282,4.60232754044822,0.03,"TRCP","meta","topo"
"MEM80",80,0.00170341152114029,0.838941625457951,0.811288911499456,4.55841161752063,0.033,"TRCP","meta","topo"
"MEM50",50,0.00163697094944193,0.840578596407393,0.812772537641241,4.41532625103969,0.035,"TRCP","meta","topo"
"MEM140",140,0.00160448517870249,0.842183081586096,0.81422483962932,4.36153581365788,0.03,"TRCP","meta","topo"
"MEM202",202,0.00153797002716927,0.843721051613265,0.815605446412848,4.21202713752276,0.049,"TRCP","meta","topo"
"MEM90",90,0.00152064911125471,0.84524170072452,0.816972034814713,4.19568561780286,0.048,"TRCP","meta","topo"
"MEM166",166,0.00149837966646249,0.846740080390982,0.818318639900108,4.16488367957792,0.038,"TRCP","meta","topo"
"MEM12",12,0.00146402432626813,0.84820410471725,0.819630759722851,4.09899317438701,0.047,"TRCP","meta","topo"
"MEM47",47,0.00146278153083435,0.849666886248085,0.82094758857378,4.12563375822355,0.032,"TRCP","meta","topo"
"MEM88",88,0.00145258943969417,0.851119475687779,0.822258475702904,4.12710350013322,0.053,"TRCP","meta","topo"
"MEM71",71,0.00143630672372486,0.852555782411504,0.823556090326563,4.11085254698506,0.046,"TRCP","meta","topo"
"MEM57",57,0.00142607914526394,0.853981861556768,0.824847601154793,4.11167630649892,0.035,"TRCP","meta","topo"
"MEM151",151,0.00133104108348125,0.855312902640249,0.826030990079347,3.86376715867161,0.045,"TRCP","meta","topo"
"MEM104",104,0.00132950206748728,0.856642404707736,0.827218172738441,3.88581689823609,0.046,"TRCP","meta","topo"
"MEM217",217,0.00125315511277191,0.857895559820508,0.828318798347743,3.68615390537427,0.046,"TRCP","meta","topo"
"NH4",10,0.0881458083961593,0.0881458083961593,0.0863365738890088,48.7199465010138,0.001,"TRCP","meta","soil"
"ECEC",4,0.068534380469127,0.156680188865286,0.153327028582445,40.8774855289912,0.001,"TRCP","meta","soil"
"pHCaCl2",13,0.036000765439948,0.192680954305234,0.187856338494309,22.3856780627553,0.001,"TRCP","meta","soil"
"Mn",8,0.0128798724247095,0.205560826729944,0.199217998999245,8.12247973399711,0.006,"TRCP","meta","soil"
"BS",2,0.0447700018223001,0.250330828552244,0.242834136837766,29.8598391980296,0.001,"TRCP","meta","soil"
"Fe",5,0.00879541533366213,0.259126243885906,0.250217942209184,5.92396776816253,0.019,"TRCP","meta","soil"
"K",6,0.0092974693496104,0.268423713235516,0.258140512417542,6.3289910018592,0.014,"TRCP","meta","soil"
"TotN",11,0.0102780478061811,0.278701761041698,0.267091326611785,7.08193848781502,0.007,"TRCP","meta","soil"
"Ca",3,0.00630104746064236,0.28500280850234,0.272029069140487,4.37109344993677,0.037,"TRCP","meta","soil"
"Mg",7,0.00336354816316214,0.288366356665502,0.273989919426421,2.33962567166412,0.126,"TRCP","meta","soil"
"TEB",14,0.0181825772622282,0.30654893392773,0.291107715857295,12.9528868106241,0.001,"TRCP","meta","soil"
"Al",1,0.0056061138143077,0.312155047742038,0.295412371419329,4.01807718640812,0.059,"TRCP","meta","soil"
"MEM17",17,0.0637628090034083,0.0637628090034083,0.0619051955292086,34.3251219314516,0.001,"TRCP","meta","soil"
"MEM20",20,0.0569932170763582,0.120756026079766,0.117260026183463,32.6048162281848,0.001,"TRCP","meta","soil"
"MEM3",3,0.0505733096293766,0.171329335709143,0.166377120583899,30.6367807235857,0.001,"TRCP","meta","soil"
"MEM44",44,0.0488078628300117,0.220137198539155,0.213910749026493,31.3551809780269,0.001,"TRCP","meta","soil"
"MEM1",1,0.0446264163046312,0.264763614843786,0.257411250992224,30.3483459235696,0.001,"TRCP","meta","soil"
"MEM2",2,0.0431861028503372,0.307949717694123,0.299628471814694,31.1391612333647,0.001,"TRCP","meta","soil"
"MEM6",6,0.0396541737569859,0.347603891451109,0.338433665025723,30.269614230078,0.001,"TRCP","meta","soil"
"MEM7",7,0.0376794609981053,0.385283352449214,0.375388517076163,30.4639417049645,0.001,"TRCP","meta","soil"
"MEM14",14,0.0370044530899771,0.422287805539191,0.411805124591314,31.7705059865649,0.001,"TRCP","meta","soil"
"MEM22",22,0.0366996479364387,0.45898745347563,0.448057907081199,33.5783815832797,0.001,"TRCP","meta","soil"
"MEM15",15,0.0299578539949865,0.488945307470617,0.477565547110651,28.9581136615284,0.001,"TRCP","meta","soil"
"MEM16",16,0.0265599808735194,0.515505288344136,0.503712313618233,27.0262404431481,0.001,"TRCP","meta","soil"
"MEM19",19,0.0264152909223528,0.541920579266489,0.529816854734912,28.3713315760549,0.001,"TRCP","meta","soil"
"MEM27",27,0.0217223927602959,0.563642972026785,0.551201020109015,24.442587517944,0.001,"TRCP","meta","soil"
"MEM28",28,0.0146834225988285,0.578326394625613,0.565418018950887,17.0626688076384,0.001,"TRCP","meta","soil"
"MEM65",65,0.0114949203273268,0.58982131495294,0.576400335483098,13.7038228581232,0.001,"TRCP","meta","soil"
"MEM9",9,0.0108018210898996,0.60062313604284,0.586710417421381,13.1987833237041,0.001,"TRCP","meta","soil"
"MEM58",58,0.0106017482265369,0.611224884269376,0.596855372805,13.2803031300514,0.001,"TRCP","meta","soil"
"MEM109",109,0.00960306268309519,0.620827946952472,0.606004348170778,12.308629885756,0.002,"TRCP","meta","soil"
"MEM84",84,0.00934825141416307,0.630176198366635,0.614925732319898,12.2596271950173,0.001,"TRCP","meta","soil"
"MEM31",31,0.0082708187756857,0.63844701714232,0.62275980094395,11.0718939608573,0.001,"TRCP","meta","soil"
"MEM38",38,0.00811479136273119,0.646561808505052,0.630463174523915,11.0894756778292,0.002,"TRCP","meta","soil"
"MEM18",18,0.00807405836419117,0.654635866869243,0.638155835620265,11.2683853307567,0.003,"TRCP","meta","soil"
"MEM82",82,0.00800810706601562,0.662643973935258,0.645811240825999,11.417906310096,0.001,"TRCP","meta","soil"
"MEM66",66,0.007278036729502,0.66992201066476,0.652730448720217,10.5837339751027,0.001,"TRCP","meta","soil"
"MEM10",10,0.00673238252075858,0.676654393185519,0.659103274652791,9.97326439413662,0.003,"TRCP","meta","soil"
"MEM36",36,0.00641278223142716,0.683067175416946,0.665165112103677,9.67179688836207,0.002,"TRCP","meta","soil"
"MEM29",29,0.00599040464732747,0.689057580064274,0.670805194826956,9.18955675898403,0.006,"TRCP","meta","soil"
"MEM100",100,0.00595634536214718,0.695013925426421,0.67643284105114,9.2962290043772,0.004,"TRCP","meta","soil"
"MEM21",21,0.00568849234033486,0.700702417766756,0.681799412573077,9.02791743754665,0.005,"TRCP","meta","soil"
"MEM49",49,0.00568001010254626,0.706382427869302,0.687179590873412,9.16949475833311,0.004,"TRCP","meta","soil"
"MEM35",35,0.00556813597460604,0.711950563843908,0.692463075562735,9.14332050475341,0.007,"TRCP","meta","soil"
"MEM139",139,0.0054379435747236,0.717388507418632,0.697629653064426,9.08211249240171,0.003,"TRCP","meta","soil"
"MEM8",8,0.00527992463039939,0.722668432049031,0.702648743492061,8.96704446339039,0.003,"TRCP","meta","soil"
"MEM81",81,0.00470230911259994,0.727370741161631,0.707068562311965,8.10655940722872,0.006,"TRCP","meta","soil"
"MEM4",4,0.00466525547651375,0.732035996638145,0.711467331134889,8.16529381198375,0.005,"TRCP","meta","soil"
"MEM93",93,0.00460013174695939,0.736636128385104,0.715814625714696,8.17447603718789,0.004,"TRCP","meta","soil"
"MEM108",108,0.00457373478379586,0.7412098631689,0.720151993362515,8.25353767414516,0.005,"TRCP","meta","soil"
"MEM43",43,0.00452051285151012,0.74573037602041,0.724450300193792,8.28474497202547,0.003,"TRCP","meta","soil"
"MEM91",91,0.00450117983638576,0.750231555856796,0.72874609829609,8.37995620743561,0.006,"TRCP","meta","soil"
"MEM192",192,0.00416213091904494,0.754393686775841,0.732691404788361,7.86310710455664,0.008,"TRCP","meta","soil"
"MEM55",55,0.00412118221204427,0.758514868987885,0.736609090364756,7.90155218327198,0.003,"TRCP","meta","soil"
"MEM118",118,0.00405450711725452,0.76256937610514,0.74047085483354,7.88938788705318,0.006,"TRCP","meta","soil"
"MEM154",154,0.00402999202095766,0.766599368126097,0.744322518229239,7.95981701825552,0.009,"TRCP","meta","soil"
"MEM32",32,0.00389440873252456,0.770493776858622,0.74804208111653,7.80557490965183,0.01,"TRCP","meta","soil"
"MEM95",95,0.00350467715618774,0.773998454014809,0.751349061606708,7.11785756897249,0.013,"TRCP","meta","soil"
"MEM33",33,0.00348699026102672,0.777485444275836,0.754650981133837,7.17724525639565,0.009,"TRCP","meta","soil"
"MEM26",26,0.00306021114519761,0.780545655421034,0.757495746143593,6.37269905063137,0.013,"TRCP","meta","soil"
"MEM105",105,0.00293219233873299,0.783477847759767,0.760211212979566,6.17525593861057,0.015,"TRCP","meta","soil"
"MEM236",236,0.0028859104911092,0.786363758250876,0.762887248168555,6.14637882928434,0.023,"TRCP","meta","soil"
"MEM63",63,0.00279471991465963,0.789158478165536,0.765473637607039,6.01780346781803,0.018,"TRCP","meta","soil"
"MEM111",111,0.00278054157814644,0.791939019743682,0.76805564011161,6.05392387053358,0.012,"TRCP","meta","soil"
"MEM34",34,0.0026848404648504,0.794623860208532,0.770542144702011,5.90890398146825,0.014,"TRCP","meta","soil"
"MEM219",219,0.00262643852648003,0.797250298735013,0.77297428128865,5.84229603324722,0.01,"TRCP","meta","soil"
"MEM146",146,0.00262289511966673,0.799873193854679,0.775413250881362,5.89777464890416,0.019,"TRCP","meta","soil"
"MEM89",89,0.00259355057732946,0.802466744432009,0.777830080040455,5.89523118966722,0.018,"TRCP","meta","soil"
"MEM62",62,0.00252236936350936,0.804989113795518,0.780177460863251,5.79465842572137,0.016,"TRCP","meta","soil"
"MEM13",13,0.00247799810834093,0.807467111903859,0.782485215909281,5.75312179327661,0.015,"TRCP","meta","soil"
"MEM96",96,0.00245528090490199,0.809922392808761,0.78477759723862,5.76109569016482,0.017,"TRCP","meta","soil"
"MEM92",92,0.00243980748201611,0.812362200290777,0.787062721678298,5.78622394410759,0.014,"TRCP","meta","soil"
"MEM74",74,0.00221538779344477,0.814577588084222,0.789102887348045,5.30481817233754,0.022,"TRCP","meta","soil"
"MEM69",69,0.00198978035981423,0.816567368444036,0.790895081409116,4.8054301566773,0.033,"TRCP","meta","soil"
"MEM170",170,0.00198341590302409,0.81855078434706,0.792688113337705,4.83148866740468,0.028,"TRCP","meta","soil"
"MEM110",110,0.00194218227493848,0.820492966621999,0.794442059283695,4.77141406177811,0.026,"TRCP","meta","soil"
"MEM194",194,0.00193686925192049,0.822429835873919,0.796197879809839,4.79935621526998,0.028,"TRCP","meta","soil"
"MEM98",98,0.00192227976143367,0.824352115635353,0.797944916619255,4.8043892946497,0.032,"TRCP","meta","soil"
"MEM126",126,0.00190736297308214,0.826259478608435,0.799682732185524,4.80846365326112,0.027,"TRCP","meta","soil"
"MEM40",40,0.00190482110264423,0.828164299711079,0.801425563739348,4.84420187688552,0.03,"TRCP","meta","soil"
"MEM131",131,0.00188971292726148,0.830054012638341,0.803158890785234,4.84809820506467,0.022,"TRCP","meta","soil"
"MEM158",158,0.00185978196831071,0.831913794606651,0.804865439715768,4.81303718126041,0.029,"TRCP","meta","soil"
"MEM106",106,0.00179949124246204,0.833713285849113,0.806509698971895,4.69658206439675,0.035,"TRCP","meta","soil"
"MEM142",142,0.00179093954480158,0.835504225393915,0.808151579270039,4.71426591203395,0.035,"TRCP","meta","soil"
"MEM150",150,0.00173398854289619,0.837238213936811,0.809734486199282,4.60232754044822,0.032,"TRCP","meta","soil"
"MEM80",80,0.00170341152114029,0.838941625457951,0.811288911499456,4.55841161752063,0.034,"TRCP","meta","soil"
"MEM50",50,0.00163697094944193,0.840578596407393,0.812772537641241,4.41532625103969,0.03,"TRCP","meta","soil"
"MEM140",140,0.00160448517870249,0.842183081586096,0.81422483962932,4.36153581365788,0.036,"TRCP","meta","soil"
"MEM202",202,0.00153797002716927,0.843721051613265,0.815605446412848,4.21202713752276,0.036,"TRCP","meta","soil"
"MEM90",90,0.00152064911125471,0.84524170072452,0.816972034814713,4.19568561780286,0.041,"TRCP","meta","soil"
"MEM166",166,0.00149837966646249,0.846740080390982,0.818318639900108,4.16488367957792,0.044,"TRCP","meta","soil"
"MEM12",12,0.00146402432626813,0.84820410471725,0.819630759722851,4.09899317438701,0.045,"TRCP","meta","soil"
"MEM47",47,0.00146278153083435,0.849666886248085,0.82094758857378,4.12563375822355,0.046,"TRCP","meta","soil"
"MEM88",88,0.00145258943969417,0.851119475687779,0.822258475702904,4.12710350013322,0.057,"TRCP","meta","soil"
"MEM71",71,0.00143630672372486,0.852555782411504,0.823556090326563,4.11085254698506,0.033,"TRCP","meta","soil"
"MEM57",57,0.00142607914526394,0.853981861556768,0.824847601154793,4.11167630649892,0.041,"TRCP","meta","soil"
"MEM151",151,0.00133104108348125,0.855312902640249,0.826030990079347,3.86376715867161,0.06,"TRCP","meta","soil"
"MEM104",104,0.00132950206748728,0.856642404707736,0.827218172738441,3.88581689823609,0.059,"TRCP","meta","soil"
"MEM217",217,0.00125315511277191,0.857895559820508,0.828318798347743,3.68615390537427,0.058,"TRCP","meta","soil"
"MEM182",182,0.0012377312929488,0.859133291113457,0.829406024010302,3.66398812919916,0.062,"TRCP","meta","soil"
"MEM128",128,0.00122881634733463,0.860362107460792,0.830487654489663,3.6608086186038,0.06,"TRCP","meta","soil"
"MEM72",72,0.00119918579499978,0.861561293255791,0.831538441190782,3.59481908368613,0.063,"TRCP","meta","soil"
"MEM144",144,0.00115156441834752,0.862712857674139,0.832536215278841,3.47263160350644,0.054,"TRCP","meta","soil"
"MEM244",244,0.00114958399932874,0.863862441673468,0.833536399624942,3.48748866630906,0.069,"TRCP","meta","soil"
"MEM99",99,0.00112144779383139,0.864983889467299,0.834506951895597,3.42208414414831,0.065,"TRCP","meta","soil"
"MEM5",5,0.00107984353176338,0.866063732999062,0.835431107456269,3.31363342799186,0.067,"TRCP","meta","soil"
"MEM169",169,0.00100946243121136,0.867073195430274,0.836273082176313,3.11359020580051,0.081,"TRCP","meta","soil"
"elev_mean",5,0.067393359663236,0.067393359663236,0.0659315937692911,46.1040717548594,0.001,"WFDP","func","topo"
"aspect",1,0.00492406898269035,0.0723174286459263,0.0694047675113766,3.38114786116487,0.078,"WFDP","func","topo"
"slope",6,0.00335570192697932,0.0756731305729056,0.0713130981699477,2.3089520559774,0.131,"WFDP","func","topo"
"MEM1",1,0.0382600575471908,0.0382600575471908,0.0367526281703056,25.3809950461795,0.001,"WFDP","func","topo"
"MEM60",60,0.0263607867226035,0.0646208442697943,0.0616840180351625,17.9518872528112,0.001,"WFDP","func","topo"
"MEM2",2,0.0249009128718525,0.0895217571416469,0.0852270484489188,17.3941340287052,0.001,"WFDP","func","topo"
"MEM203",203,0.0239873762907757,0.113509133432423,0.107924938997351,17.1823360161843,0.001,"WFDP","func","topo"
"MEM143",143,0.0222774200645118,0.135786553496934,0.128970990038708,16.3430508725027,0.001,"WFDP","func","topo"
"MEM97",97,0.0177927561256394,0.153579309622574,0.145556364690086,13.3064027800497,0.001,"WFDP","func","topo"
"MEM3",3,0.0171234029710788,0.170702712593653,0.161517457828076,13.0495913131079,0.002,"WFDP","func","topo"
"MEM230",230,0.0169184425030942,0.187621155096747,0.17732158178577,13.1410822505155,0.001,"WFDP","func","topo"
"MEM288",288,0.0163447481445783,0.203965903241325,0.192593987573344,12.9356159152137,0.002,"WFDP","func","topo"
"MEM180",180,0.0138464822197005,0.217812385461026,0.205376970285525,11.1347164724988,0.002,"WFDP","func","topo"
"MEM40",40,0.0128799013003716,0.230692286761397,0.217217151656899,10.5140997255602,0.002,"WFDP","func","topo"
"MEM229",229,0.0118137674393996,0.242506054200797,0.228008562415166,9.77860248993602,0.003,"WFDP","func","topo"
"MEM137",137,0.0113408160307248,0.253846870231522,0.238351677440802,9.51460303789995,0.003,"WFDP","func","topo"
"MEM64",64,0.0113076849456815,0.265154555177203,0.248694017213172,9.61740069404002,0.002,"WFDP","func","topo"
"MEM233",233,0.0106845655411368,0.27583912071834,0.258431407274069,9.20675099748962,0.005,"WFDP","func","topo"
"MEM146",146,0.00963865194018371,0.285477772658524,0.267127282068694,8.40404948783303,0.003,"WFDP","func","topo"
"MEM38",38,0.00865594915748796,0.294133721816011,0.274841556656642,7.6275075639102,0.003,"WFDP","func","topo"
"MEM166",166,0.00860072182731036,0.302734443643322,0.282523847806896,7.65999152843223,0.009,"WFDP","func","topo"
"MEM300",300,0.00838893547931985,0.311123379122642,0.290012643966723,7.550176387978,0.013,"WFDP","func","topo"
"MEM9",9,0.00833145232184573,0.319454831444487,0.297466296111514,7.57799662022262,0.008,"WFDP","func","topo"
"MEM131",131,0.0081307742438243,0.327585605688312,0.304736572871895,7.4728002927823,0.007,"WFDP","func","topo"
"MEM6",6,0.00803243748731625,0.335618043175628,0.311928573078162,7.45958537670558,0.007,"WFDP","func","topo"
"MEM179",179,0.0076252387487758,0.343243281924404,0.318721521346906,7.15203505342023,0.012,"WFDP","func","topo"
"MEM43",43,0.00755701041220574,0.35080029233661,0.325465669598526,7.15890865113619,0.013,"WFDP","func","topo"
"MEM169",169,0.00726084859327275,0.358061140929882,0.331923565234845,6.94483746119895,0.007,"WFDP","func","topo"
"MEM12",12,0.00706195044993746,0.36512309137982,0.338195196397561,6.81860620072025,0.011,"WFDP","func","topo"
"MEM94",94,0.00671257829193711,0.371835669671757,0.344122537451393,6.53984589115216,0.008,"WFDP","func","topo"
"MEM51",51,0.00645047372452429,0.378286143396281,0.349795164697584,6.33931414560137,0.009,"WFDP","func","topo"
"MEM59",59,0.00624475179025863,0.38453089518654,0.355270888564261,6.18926045558746,0.017,"WFDP","func","topo"
"MEM41",41,0.00624000277341685,0.390770897959957,0.360759612145176,6.23765620566348,0.011,"WFDP","func","topo"
"MEM156",156,0.00610329876436333,0.39687419672432,0.366122716623093,6.15262293302472,0.015,"WFDP","func","topo"
"MEM283",283,0.00556374443196123,0.402437941156281,0.370935493243598,5.65161863980341,0.023,"WFDP","func","topo"
"MEM71",71,0.00554746166388898,0.40798540282017,0.375746984161863,5.67851161834706,0.011,"WFDP","func","topo"
"MEM119",119,0.00547349582137169,0.413458898641542,0.38049625823462,5.64575093588557,0.019,"WFDP","func","topo"
"MEM16",16,0.00537238541085511,0.418831284052397,0.385154288922983,5.58344022848098,0.023,"WFDP","func","topo"
"MEM153",153,0.00526126311349551,0.424092547165892,0.389710012668334,5.50876992792044,0.027,"WFDP","func","topo"
"MEM124",124,0.0051693715230664,0.429261918688959,0.394183332296087,5.45252149591542,0.021,"WFDP","func","topo"
"MEM134",134,0.00488733695095128,0.43414925563991,0.398371671137941,5.19092629425353,0.016,"WFDP","func","topo"
"MEM55",55,0.00485180569502336,0.439001061334933,0.402536130321704,5.18910681710224,0.034,"WFDP","func","topo"
"MEM293",293,0.00477977717232797,0.443780838507261,0.40663765576985,5.14740721722121,0.027,"WFDP","func","topo"
"MEM13",13,0.00473820558551702,0.448519044092778,0.410708476881748,5.1378871922748,0.024,"WFDP","func","topo"
"TotN",11,0.0409311484190539,0.0409311484190539,0.0394279057049771,27.2285693027247,0.001,"WFDP","func","soil"
"Na",9,0.0171391512915611,0.0580702997106149,0.0551129066170847,11.590715707733,0.001,"WFDP","func","soil"
"TEB",14,0.0119501063348361,0.0700204060454511,0.0656337098475521,8.1725101049123,0.006,"WFDP","func","soil"
"Fe",5,0.00992491893252687,0.0799453249779779,0.0741497049778391,6.84994456661362,0.008,"WFDP","func","soil"
"pHCaCl2",13,0.0209382502647192,0.100883575242697,0.0937927517036017,14.764328959306,0.001,"WFDP","func","soil"
"P",12,0.00299051534506245,0.10387409058776,0.0953800061383545,2.11242214240422,0.161,"WFDP","func","soil"
"MEM1",1,0.0382600575471908,0.0382600575471908,0.0367526281703056,25.3809950461795,0.001,"WFDP","func","soil"
"MEM60",60,0.0263607867226035,0.0646208442697943,0.0616840180351625,17.9518872528112,0.001,"WFDP","func","soil"
"MEM2",2,0.0249009128718525,0.0895217571416469,0.0852270484489188,17.3941340287052,0.002,"WFDP","func","soil"
"MEM203",203,0.0239873762907757,0.113509133432423,0.107924938997351,17.1823360161843,0.001,"WFDP","func","soil"
"MEM143",143,0.0222774200645118,0.135786553496934,0.128970990038708,16.3430508725027,0.001,"WFDP","func","soil"
"MEM97",97,0.0177927561256394,0.153579309622574,0.145556364690086,13.3064027800497,0.002,"WFDP","func","soil"
"MEM3",3,0.0171234029710788,0.170702712593653,0.161517457828076,13.0495913131079,0.001,"WFDP","func","soil"
"MEM230",230,0.0169184425030942,0.187621155096747,0.17732158178577,13.1410822505155,0.003,"WFDP","func","soil"
"MEM288",288,0.0163447481445783,0.203965903241325,0.192593987573344,12.9356159152137,0.001,"WFDP","func","soil"
"MEM180",180,0.0138464822197005,0.217812385461026,0.205376970285525,11.1347164724988,0.003,"WFDP","func","soil"
"MEM40",40,0.0128799013003716,0.230692286761397,0.217217151656899,10.5140997255602,0.002,"WFDP","func","soil"
"MEM229",229,0.0118137674393996,0.242506054200797,0.228008562415166,9.77860248993602,0.004,"WFDP","func","soil"
"MEM137",137,0.0113408160307248,0.253846870231522,0.238351677440802,9.51460303789995,0.004,"WFDP","func","soil"
"MEM64",64,0.0113076849456815,0.265154555177203,0.248694017213172,9.61740069404002,0.003,"WFDP","func","soil"
"MEM233",233,0.0106845655411368,0.27583912071834,0.258431407274069,9.20675099748962,0.006,"WFDP","func","soil"
"MEM146",146,0.00963865194018371,0.285477772658524,0.267127282068694,8.40404948783303,0.004,"WFDP","func","soil"
"MEM38",38,0.00865594915748796,0.294133721816011,0.274841556656642,7.6275075639102,0.005,"WFDP","func","soil"
"MEM166",166,0.00860072182731036,0.302734443643322,0.282523847806896,7.65999152843223,0.011,"WFDP","func","soil"
"MEM300",300,0.00838893547931985,0.311123379122642,0.290012643966723,7.550176387978,0.006,"WFDP","func","soil"
"MEM9",9,0.00833145232184573,0.319454831444487,0.297466296111514,7.57799662022262,0.008,"WFDP","func","soil"
"MEM131",131,0.0081307742438243,0.327585605688312,0.304736572871895,7.4728002927823,0.007,"WFDP","func","soil"
"MEM6",6,0.00803243748731625,0.335618043175628,0.311928573078162,7.45958537670558,0.012,"WFDP","func","soil"
"MEM179",179,0.0076252387487758,0.343243281924404,0.318721521346906,7.15203505342023,0.009,"WFDP","func","soil"
"MEM43",43,0.00755701041220574,0.35080029233661,0.325465669598526,7.15890865113619,0.01,"WFDP","func","soil"
"MEM169",169,0.00726084859327275,0.358061140929882,0.331923565234845,6.94483746119895,0.011,"WFDP","func","soil"
"MEM12",12,0.00706195044993746,0.36512309137982,0.338195196397561,6.81860620072025,0.006,"WFDP","func","soil"
"MEM94",94,0.00671257829193711,0.371835669671757,0.344122537451393,6.53984589115216,0.007,"WFDP","func","soil"
"MEM51",51,0.00645047372452429,0.378286143396281,0.349795164697584,6.33931414560137,0.008,"WFDP","func","soil"
"MEM59",59,0.00624475179025863,0.38453089518654,0.355270888564261,6.18926045558746,0.017,"WFDP","func","soil"
"MEM41",41,0.00624000277341685,0.390770897959957,0.360759612145176,6.23765620566348,0.016,"WFDP","func","soil"
"MEM156",156,0.00610329876436333,0.39687419672432,0.366122716623093,6.15262293302472,0.013,"WFDP","func","soil"
"MEM283",283,0.00556374443196123,0.402437941156281,0.370935493243598,5.65161863980341,0.018,"WFDP","func","soil"
"MEM71",71,0.00554746166388898,0.40798540282017,0.375746984161863,5.67851161834706,0.016,"WFDP","func","soil"
"MEM119",119,0.00547349582137169,0.413458898641542,0.38049625823462,5.64575093588557,0.022,"WFDP","func","soil"
"MEM16",16,0.00537238541085511,0.418831284052397,0.385154288922983,5.58344022848098,0.022,"WFDP","func","soil"
"MEM153",153,0.00526126311349551,0.424092547165892,0.389710012668334,5.50876992792044,0.016,"WFDP","func","soil"
"MEM124",124,0.0051693715230664,0.429261918688959,0.394183332296087,5.45252149591542,0.023,"WFDP","func","soil"
"MEM134",134,0.00488733695095128,0.43414925563991,0.398371671137941,5.19092629425353,0.023,"WFDP","func","soil"
"MEM55",55,0.00485180569502336,0.439001061334933,0.402536130321704,5.18910681710224,0.028,"WFDP","func","soil"
"MEM293",293,0.00477977717232797,0.443780838507261,0.40663765576985,5.14740721722121,0.027,"WFDP","func","soil"
"MEM13",13,0.00473820558551702,0.448519044092778,0.410708476881748,5.1378871922748,0.026,"WFDP","func","soil"
"MEM280",280,0.00471068751145448,0.453229731604233,0.41476348156634,5.14344068595683,0.017,"WFDP","func","soil"
"MEM132",132,0.00470134581862658,0.45793107742286,0.41882207797518,5.16908826755826,0.027,"WFDP","func","soil"
"MEM86",86,0.00451029905385308,0.462441376476713,0.422689142132133,4.9922516719264,0.027,"WFDP","func","soil"
"MEM33",33,0.00450589481704328,0.466947271293756,0.42656448881601,5.02108211287045,0.029,"WFDP","func","soil"
"elev_mean",5,0.0858232458007541,0.0858232458007541,0.0843903668756769,59.895671782688,0.001,"WFDP","meta","topo"
"convexity",4,0.00571767095236964,0.0915409167531237,0.0886886119391618,4.00915843522882,0.049,"WFDP","meta","topo"
"aspect",1,0.00265424261596216,0.0941951593690859,0.0899224950264872,1.86364460425728,0.169,"WFDP","meta","topo"
"MEM1",1,0.0574633925189276,0.0574633925189276,0.055986062413158,38.8967856909601,0.001,"WFDP","meta","topo"
"MEM2",2,0.0259992653914436,0.0834626579103712,0.0805849896463535,18.0696751717619,0.002,"WFDP","meta","topo"
"MEM60",60,0.0215835731454851,0.105046231055856,0.100824751013667,15.3383928833817,0.001,"WFDP","meta","topo"
"MEM143",143,0.019467768320052,0.124513999375908,0.118999126931032,14.1201948111343,0.001,"WFDP","meta","topo"
"MEM3",3,0.0188045606404294,0.143318560016338,0.136562397240441,13.9165982704838,0.001,"WFDP","meta","topo"
"MEM230",230,0.0187926176113555,0.162111177627693,0.154169103481984,14.1972617731166,0.001,"WFDP","meta","topo"
"MEM203",203,0.0186489366852622,0.180760114312955,0.171686254819586,14.386662796821,0.002,"WFDP","meta","topo"
"MEM180",180,0.0149191185256748,0.19567923283863,0.185481822161465,11.7042406140088,0.001,"WFDP","meta","topo"
"MEM40",40,0.0145343756967812,0.210213608535411,0.198930945800203,11.5938395342467,0.002,"WFDP","meta","topo"
"MEM233",233,0.0127748995886917,0.222988508124103,0.210635384246903,10.3414324309253,0.005,"WFDP","meta","topo"
"MEM97",97,0.0125787083515076,0.235567216475611,0.222177470267381,10.3337128064115,0.005,"WFDP","meta","topo"
"MEM38",38,0.0101973729026489,0.24576458937826,0.231329461902245,8.47713156916122,0.003,"WFDP","meta","topo"
"MEM6",6,0.00928394374341412,0.255048533121674,0.239578294991613,7.80151330895558,0.008,"WFDP","meta","topo"
"MEM64",64,0.00920308962563138,0.264251622747305,0.247770859096845,7.81779640139674,0.009,"WFDP","meta","topo"
"MEM88",88,0.00861058482973087,0.272862207577036,0.255382933720715,7.38925275201028,0.005,"WFDP","meta","topo"
"MEM212",212,0.00844487333706678,0.281307080914103,0.262849477855717,7.32045070888447,0.013,"WFDP","meta","topo"
"MEM156",156,0.00799664896513264,0.289303729879235,0.269879555293941,6.99865169612795,0.005,"WFDP","meta","topo"
"MEM257",257,0.00776988442041698,0.297073614299652,0.276698936453265,6.86430090438496,0.008,"WFDP","meta","topo"
"MEM288",288,0.00775375756602792,0.30482737186568,0.283523694551887,6.91530347482043,0.005,"WFDP","meta","topo"
"MEM41",41,0.00771548579623049,0.312542857661911,0.290330995227724,6.94717592375804,0.014,"WFDP","meta","topo"
"MEM300",300,0.00763447895984182,0.320177336621753,0.297076566506958,6.94020404341408,0.004,"WFDP","meta","topo"
"MEM59",59,0.00701830855828589,0.327195645180038,0.303205862674302,6.43618958385184,0.012,"WFDP","meta","topo"
"MEM137",137,0.00701063467186114,0.3342062798519,0.309347098742474,6.48631975216864,0.012,"WFDP","meta","topo"
"MEM169",169,0.00695259227948231,0.341158872131382,0.315447998848704,6.48994738035583,0.013,"WFDP","meta","topo"
"MEM134",134,0.00639530949403355,0.347554181625415,0.320988798141108,6.01846148561286,0.014,"WFDP","meta","topo"
"MEM166",166,0.00639376308902362,0.353947944714439,0.326546063087319,6.06665785133843,0.015,"WFDP","meta","topo"
"MEM70",70,0.00628022417810975,0.360228168892549,0.332002941049573,6.00760616538874,0.016,"WFDP","meta","topo"
"MEM119",119,0.00617852314309797,0.366406692035647,0.337371319493909,5.95820314542408,0.014,"WFDP","meta","topo"
"MEM9",9,0.00612889031211772,0.372535582347764,0.342705306754462,5.95830294948118,0.021,"WFDP","meta","topo"
"MEM131",131,0.0060479917853723,0.378583574133137,0.34797192753871,5.92714779329127,0.015,"WFDP","meta","topo"
"MEM94",94,0.00603566531028993,0.384619239443427,0.353242917770312,5.96327468108895,0.017,"WFDP","meta","topo"
"MEM179",179,0.00589623392203842,0.390515473365465,0.358384493378142,5.87219828276855,0.022,"WFDP","meta","topo"
"MEM51",51,0.00586303077226497,0.39637850413773,0.36350802664028,5.8861334003971,0.019,"WFDP","meta","topo"
"MEM146",146,0.00582368339867101,0.402202187536401,0.368606938571505,5.89384635195617,0.02,"WFDP","meta","topo"
"MEM13",13,0.0057956425171391,0.40799783005354,0.37369306855002,5.91310008317808,0.025,"WFDP","meta","topo"
"MEM130",130,0.00567710979210168,0.413674939845642,0.378670458642397,5.83856539192795,0.02,"WFDP","meta","topo"
"MEM125",125,0.00562094532585594,0.419295885171498,0.383604768479381,5.82707957419005,0.018,"WFDP","meta","topo"
"MEM71",71,0.00553114485833606,0.424827030029834,0.388460020281304,5.77951022286808,0.022,"WFDP","meta","topo"
"MEM12",12,0.00541624520689682,0.430243275236731,0.393209088127118,5.7037450948707,0.027,"WFDP","meta","topo"
"MEM33",33,0.00513947728186581,0.435382752518596,0.397678762703478,5.45244925756367,0.016,"WFDP","meta","topo"
"MEM129",129,0.00506841336622055,0.440451165884817,0.402087449833442,5.41670540301041,0.024,"WFDP","meta","topo"
"MEM229",229,0.00500927245723015,0.445460438342047,0.406447604858573,5.39282652445093,0.03,"WFDP","meta","topo"
"MEM43",43,0.00488251095761449,0.450342949299662,0.410686484232355,5.29416756690473,0.019,"WFDP","meta","topo"
"MEM199",199,0.00476067251862072,0.455103621818282,0.414808763599802,5.19841985008512,0.02,"WFDP","meta","topo"
"MEM24",24,0.00448709858544755,0.45959072040373,0.418650623464619,4.93207030372807,0.024,"WFDP","meta","topo"
"MEM86",86,0.00448195561486819,0.464072676018598,0.422499898778894,4.95925391501231,0.028,"WFDP","meta","topo"
"MEM195",195,0.00445281252224516,0.468525488540843,0.426330721583782,4.9599086246523,0.027,"WFDP","meta","topo"
"MEM243",243,0.00429312814737454,0.472818616688218,0.430001854591829,4.81283826670676,0.032,"WFDP","meta","topo"
"MEM25",25,0.00423138461131328,0.477050001299531,0.433618560729492,4.77391132398639,0.03,"WFDP","meta","topo"
"MEM98",98,0.00402641446107771,0.481076415760609,0.437025177709727,4.57014903466156,0.042,"WFDP","meta","topo"
"MEM260",260,0.0040216450527818,0.485098060813391,0.440438198741083,4.59257794750444,0.032,"WFDP","meta","topo"
"MEM16",16,0.00385904645287727,0.488957107266268,0.443685845899736,4.43262258422449,0.029,"WFDP","meta","topo"
"MEM291",291,0.00380232803876546,0.492759435305033,0.446882728941837,4.39271695877967,0.033,"WFDP","meta","topo"
"MEM47",47,0.00379626136648237,0.496555696671516,0.450083914825809,4.41123851180646,0.041,"WFDP","meta","topo"
"TotN",11,0.0448354934882735,0.0448354934882735,0.0433383704373146,29.9477677934081,0.001,"WFDP","meta","soil"
"Na",9,0.0261038129748998,0.0709393064631733,0.0680223184143921,17.8977853445826,0.001,"WFDP","meta","soil"
"pHCaCl2",13,0.0124113577659141,0.0833506642290874,0.0790268466075266,8.6113884896701,0.004,"WFDP","meta","soil"
"Fe",5,0.0332385182238583,0.116589182452946,0.111024389901468,23.8920088512792,0.001,"WFDP","meta","soil"
"P",12,0.00357310012791291,0.120162282580859,0.113223499320455,2.57473103988063,0.11,"WFDP","meta","soil"
"TEB",14,0.00276100462677223,0.122923287207631,0.114609763863627,1.99266028074395,0.145,"WFDP","meta","soil"
"ECEC",4,0.00469296949656513,0.127616256704196,0.117953778534781,3.39983034372464,0.051,"WFDP","meta","soil"
"MEM1",1,0.0574633925189276,0.0574633925189276,0.055986062413158,38.8967856909601,0.001,"WFDP","meta","soil"
"MEM2",2,0.0259992653914436,0.0834626579103712,0.0805849896463535,18.0696751717619,0.001,"WFDP","meta","soil"
"MEM60",60,0.0215835731454851,0.105046231055856,0.100824751013667,15.3383928833817,0.001,"WFDP","meta","soil"
"MEM143",143,0.019467768320052,0.124513999375908,0.118999126931032,14.1201948111343,0.002,"WFDP","meta","soil"
"MEM3",3,0.0188045606404294,0.143318560016338,0.136562397240441,13.9165982704838,0.001,"WFDP","meta","soil"
"MEM230",230,0.0187926176113555,0.162111177627693,0.154169103481984,14.1972617731166,0.001,"WFDP","meta","soil"
"MEM203",203,0.0186489366852622,0.180760114312955,0.171686254819586,14.386662796821,0.001,"WFDP","meta","soil"
"MEM180",180,0.0149191185256748,0.19567923283863,0.185481822161465,11.7042406140088,0.002,"WFDP","meta","soil"
"MEM40",40,0.0145343756967812,0.210213608535411,0.198930945800203,11.5938395342467,0.002,"WFDP","meta","soil"
"MEM233",233,0.0127748995886917,0.222988508124103,0.210635384246903,10.3414324309253,0.002,"WFDP","meta","soil"
"MEM97",97,0.0125787083515076,0.235567216475611,0.222177470267381,10.3337128064115,0.002,"WFDP","meta","soil"
"MEM38",38,0.0101973729026489,0.24576458937826,0.231329461902245,8.47713156916122,0.005,"WFDP","meta","soil"
"MEM6",6,0.00928394374341412,0.255048533121674,0.239578294991613,7.80151330895558,0.006,"WFDP","meta","soil"
"MEM64",64,0.00920308962563138,0.264251622747305,0.247770859096845,7.81779640139674,0.006,"WFDP","meta","soil"
"MEM88",88,0.00861058482973087,0.272862207577036,0.255382933720715,7.38925275201028,0.012,"WFDP","meta","soil"
"MEM212",212,0.00844487333706678,0.281307080914103,0.262849477855717,7.32045070888447,0.008,"WFDP","meta","soil"
"MEM156",156,0.00799664896513264,0.289303729879235,0.269879555293941,6.99865169612795,0.006,"WFDP","meta","soil"
"MEM257",257,0.00776988442041698,0.297073614299652,0.276698936453265,6.86430090438496,0.016,"WFDP","meta","soil"
"MEM288",288,0.00775375756602792,0.30482737186568,0.283523694551887,6.91530347482043,0.007,"WFDP","meta","soil"
"MEM41",41,0.00771548579623049,0.312542857661911,0.290330995227724,6.94717592375804,0.006,"WFDP","meta","soil"
"MEM300",300,0.00763447895984182,0.320177336621753,0.297076566506958,6.94020404341408,0.004,"WFDP","meta","soil"
"MEM59",59,0.00701830855828589,0.327195645180038,0.303205862674302,6.43618958385184,0.009,"WFDP","meta","soil"
"MEM137",137,0.00701063467186114,0.3342062798519,0.309347098742474,6.48631975216864,0.014,"WFDP","meta","soil"
"MEM169",169,0.00695259227948231,0.341158872131382,0.315447998848704,6.48994738035583,0.006,"WFDP","meta","soil"
"MEM134",134,0.00639530949403355,0.347554181625415,0.320988798141108,6.01846148561286,0.016,"WFDP","meta","soil"
"MEM166",166,0.00639376308902362,0.353947944714439,0.326546063087319,6.06665785133843,0.018,"WFDP","meta","soil"
"MEM70",70,0.00628022417810975,0.360228168892549,0.332002941049573,6.00760616538874,0.016,"WFDP","meta","soil"
"MEM119",119,0.00617852314309797,0.366406692035647,0.337371319493909,5.95820314542408,0.022,"WFDP","meta","soil"
"MEM9",9,0.00612889031211772,0.372535582347764,0.342705306754462,5.95830294948118,0.014,"WFDP","meta","soil"
"MEM131",131,0.0060479917853723,0.378583574133137,0.34797192753871,5.92714779329127,0.021,"WFDP","meta","soil"
"MEM94",94,0.00603566531028993,0.384619239443427,0.353242917770312,5.96327468108895,0.015,"WFDP","meta","soil"
"MEM179",179,0.00589623392203842,0.390515473365465,0.358384493378142,5.87219828276855,0.015,"WFDP","meta","soil"
"MEM51",51,0.00586303077226497,0.39637850413773,0.36350802664028,5.8861334003971,0.019,"WFDP","meta","soil"
"MEM146",146,0.00582368339867101,0.402202187536401,0.368606938571505,5.89384635195617,0.015,"WFDP","meta","soil"
"MEM13",13,0.0057956425171391,0.40799783005354,0.37369306855002,5.91310008317808,0.014,"WFDP","meta","soil"
"MEM130",130,0.00567710979210168,0.413674939845642,0.378670458642397,5.83856539192795,0.017,"WFDP","meta","soil"
"MEM125",125,0.00562094532585594,0.419295885171498,0.383604768479381,5.82707957419005,0.017,"WFDP","meta","soil"
"MEM71",71,0.00553114485833606,0.424827030029834,0.388460020281304,5.77951022286808,0.016,"WFDP","meta","soil"
"MEM12",12,0.00541624520689682,0.430243275236731,0.393209088127118,5.7037450948707,0.013,"WFDP","meta","soil"
"MEM33",33,0.00513947728186581,0.435382752518596,0.397678762703478,5.45244925756367,0.027,"WFDP","meta","soil"
"MEM129",129,0.00506841336622055,0.440451165884817,0.402087449833442,5.41670540301041,0.021,"WFDP","meta","soil"
"MEM229",229,0.00500927245723015,0.445460438342047,0.406447604858573,5.39282652445093,0.024,"WFDP","meta","soil"
"MEM43",43,0.00488251095761449,0.450342949299662,0.410686484232355,5.29416756690473,0.021,"WFDP","meta","soil"
"MEM199",199,0.00476067251862072,0.455103621818282,0.414808763599802,5.19841985008512,0.024,"WFDP","meta","soil"
"MEM24",24,0.00448709858544755,0.45959072040373,0.418650623464619,4.93207030372807,0.019,"WFDP","meta","soil"
"MEM86",86,0.00448195561486819,0.464072676018598,0.422499898778894,4.95925391501231,0.033,"WFDP","meta","soil"
"MEM195",195,0.00445281252224516,0.468525488540843,0.426330721583782,4.9599086246523,0.033,"WFDP","meta","soil"
"MEM243",243,0.00429312814737454,0.472818616688218,0.430001854591829,4.81283826670676,0.029,"WFDP","meta","soil"
"MEM25",25,0.00423138461131328,0.477050001299531,0.433618560729492,4.77391132398639,0.035,"WFDP","meta","soil"
"MEM98",98,0.00402641446107771,0.481076415760609,0.437025177709727,4.57014903466156,0.039,"WFDP","meta","soil"
"MEM260",260,0.0040216450527818,0.485098060813391,0.440438198741083,4.59257794750444,0.028,"WFDP","meta","soil"
"MEM16",16,0.00385904645287727,0.488957107266268,0.443685845899736,4.43262258422449,0.04,"WFDP","meta","soil"
"MEM291",291,0.00380232803876546,0.492759435305033,0.446882728941837,4.39271695877967,0.042,"WFDP","meta","soil"
"MEM47",47,0.00379626136648237,0.496555696671516,0.450083914825809,4.41123851180646,0.032,"WFDP","meta","soil"
"MEM45",45,0.00371668607835068,0.500272382749866,0.453208994138981,4.34345550422192,0.037,"WFDP","meta","soil"
"MEM192",192,0.00360377250981869,0.503876155259685,0.456221034667133,4.23482845160168,0.037,"WFDP","meta","soil"
"elev_mean",5,0.00418406150821574,0.00418406150821574,0.00167570901831204,1.66805164946188,0.2,"SERC","func","topo"
"convexity",4,0.00453111060467354,0.00871517211288928,0.00370868308315642,1.81009508969814,0.189,"SERC","func","topo"
"MEM2",2,0.100609320197478,0.100609320197478,0.0983438524901667,44.4099555569874,0.001,"SERC","func","topo"
"MEM1",1,0.0653516928026256,0.165961013000103,0.161748694883942,31.0288496739577,0.001,"SERC","func","topo"
"MEM11",11,0.0539928473815656,0.219953860381669,0.214029459321277,27.340914379954,0.001,"SERC","func","topo"
"MEM12",12,0.0384434857632963,0.258397346144965,0.250868385192122,20.4243246865451,0.001,"SERC","func","topo"
"MEM3",3,0.0359757357532017,0.294373081898167,0.285395640192037,20.0367414965423,0.001,"SERC","func","topo"
"MEM16",16,0.0339495079055256,0.328322589803693,0.318041813117014,19.8133909179356,0.001,"SERC","func","topo"
"MEM8",8,0.0327712210015058,0.361093810805198,0.34965559258432,20.0554441767693,0.001,"SERC","func","topo"
"MEM10",10,0.0316315137528954,0.392725324558094,0.380268408138773,20.3141854296035,0.001,"SERC","func","topo"
"MEM22",22,0.0308146580654172,0.423539982623511,0.410202861398862,20.7939867920078,0.001,"SERC","func","topo"
"MEM5",5,0.0254355612958841,0.448975543919395,0.434773882680204,17.9102718108021,0.001,"SERC","func","topo"
"MEM122",122,0.0238838280212104,0.472859371940605,0.457876046595248,17.5342991076889,0.001,"SERC","func","topo"
"MEM34",34,0.0228471069976311,0.495706478938237,0.480028960148752,17.4877981428706,0.001,"SERC","func","topo"
"MEM21",21,0.0192385624899278,0.514945041428164,0.498566562307557,15.2701182159449,0.001,"SERC","func","topo"
"MEM38",38,0.0126355931272429,0.527580634555407,0.510357011856907,10.2706792222521,0.002,"SERC","func","topo"
"MEM64",64,0.0111826837058367,0.538763318261244,0.520699218454243,9.28583529651127,0.003,"SERC","func","topo"
"MEM36",36,0.0108437961176189,0.549607114378863,0.530742490897349,9.1971481992166,0.003,"SERC","func","topo"
"MEM143",143,0.00965729409783556,0.559264408476698,0.539599040875921,8.34838193702089,0.007,"SERC","func","topo"
"MEM96",96,0.00919548912204837,0.568459897598747,0.548018524327109,8.09724483758252,0.009,"SERC","func","topo"
"MEM6",6,0.00896767517732144,0.577427572776068,0.556243203073549,8.04299730233877,0.007,"SERC","func","topo"
"MEM91",91,0.00892633434359691,0.586353907119665,0.56446787045933,8.15710444255484,0.004,"SERC","func","topo"
"MEM112",112,0.00869574979848242,0.595049656918148,0.572492741255763,8.09555475142599,0.005,"SERC","func","topo"
"MEM141",141,0.00731240333603345,0.602362060254181,0.579096010588202,6.9144902423197,0.013,"SERC","func","topo"
"MEM159",159,0.00689442507619298,0.609256485330374,0.585290883097304,6.61664060056974,0.011,"SERC","func","topo"
"MEM53",53,0.00603797367128256,0.615294459001657,0.590607472413528,5.86994964304245,0.012,"SERC","func","topo"
"MEM138",138,0.00573713540542442,0.621031594407081,0.595631567222569,5.64678077285948,0.019,"SERC","func","topo"
"MEM45",45,0.00564262753505895,0.62667422194214,0.60058156003487,5.62258908013742,0.012,"SERC","func","topo"
"MEM7",7,0.00564121466387024,0.63231543660601,0.605556721749844,5.69208187849115,0.017,"SERC","func","topo"
"MEM19",19,0.00479967452094299,0.637115111126953,0.609653551968993,4.89378209785469,0.021,"SERC","func","topo"
"MEM100",100,0.00478807566872108,0.641903186795674,0.613760076814847,4.93386105826629,0.025,"SERC","func","topo"
"MEM76",76,0.00457185341630528,0.64647504021198,0.617655070664043,4.75904744663337,0.041,"SERC","func","topo"
"MEM56",56,0.00442357183147524,0.650898612043455,0.621410483905436,4.65037068931245,0.024,"SERC","func","topo"
"MEM163",163,0.00440036554004297,0.655298977583498,0.625161183273858,4.67226286816672,0.029,"SERC","func","topo"
"MEM142",142,0.00430056231314324,0.659599539896641,0.628823607887296,4.61134877379619,0.023,"SERC","func","topo"
"MEM147",147,0.00426813988646502,0.663867679783106,0.632470704817792,4.62199802051401,0.021,"SERC","func","topo"
"MEM18",18,0.00426066152135318,0.668128341304459,0.636129696526652,4.66029590574372,0.044,"SERC","func","topo"
"MEM172",172,0.00425826402344198,0.672386605327901,0.639806267736201,4.70521535918531,0.033,"SERC","func","topo"
"MEM136",136,0.0042434923049095,0.676630097632811,0.64348692204393,4.73730149546461,0.032,"SERC","func","topo"
"MEM30",30,0.00420814124637781,0.680838238879188,0.647148941871992,4.74659258482587,0.037,"SERC","func","topo"
"MEM28",28,0.0042008447743711,0.68503908365356,0.650823273799768,4.7882235405373,0.038,"SERC","func","topo"
"MEM124",124,0.00417109355631984,0.689210177209879,0.654485057345062,4.80469881464204,0.032,"SERC","func","topo"
"MEM42",42,0.00403672634902807,0.693246903558908,0.658017556348586,4.69795194676956,0.036,"SERC","func","topo"
"MEM79",79,0.00394739714643022,0.697194300705338,0.661470032811024,4.640841924054,0.041,"SERC","func","topo"
"MEM57",57,0.00392980250812935,0.701124103213467,0.664922234025239,4.66775643464596,0.038,"SERC","func","topo"
"Fe",5,0.0794779170006993,0.0794779170006993,0.0771592215775272,34.2769974039847,0.001,"SERC","func","soil"
"P",12,0.0509358265471347,0.130413743547834,0.126021893767773,23.1956141935356,0.001,"SERC","func","soil"
"BS",2,0.0375240731934035,0.167937816741238,0.161618357121551,17.8135831787766,0.001,"SERC","func","soil"
"Na",9,0.0141341808915114,0.182071997632749,0.173768160045264,6.80850546152969,0.011,"SERC","func","soil"
"pHCaCl2",13,0.0210808907607485,0.203152888393497,0.193014884429038,10.3969631668381,0.004,"SERC","func","soil"
"TotN",11,0.0106248475656121,0.21377773595911,0.201743721713586,5.29740817095881,0.016,"SERC","func","soil"
"Mn",8,0.0134614579087902,0.2272391938679,0.213404601430752,6.81120212175615,0.009,"SERC","func","soil"
"NH4",10,0.0038707734242229,0.231109967292123,0.215337864057089,1.96335180744952,0.172,"SERC","func","soil"
"MEM2",2,0.100609320197478,0.100609320197478,0.0983438524901667,44.4099555569874,0.001,"SERC","func","soil"
"MEM1",1,0.0653516928026256,0.165961013000103,0.161748694883942,31.0288496739577,0.001,"SERC","func","soil"
"MEM11",11,0.0539928473815656,0.219953860381669,0.214029459321277,27.340914379954,0.001,"SERC","func","soil"
"MEM12",12,0.0384434857632963,0.258397346144965,0.250868385192122,20.4243246865451,0.001,"SERC","func","soil"
"MEM3",3,0.0359757357532017,0.294373081898167,0.285395640192037,20.0367414965423,0.001,"SERC","func","soil"
"MEM16",16,0.0339495079055256,0.328322589803693,0.318041813117014,19.8133909179356,0.001,"SERC","func","soil"
"MEM8",8,0.0327712210015058,0.361093810805198,0.34965559258432,20.0554441767693,0.001,"SERC","func","soil"
"MEM10",10,0.0316315137528954,0.392725324558094,0.380268408138773,20.3141854296035,0.001,"SERC","func","soil"
"MEM22",22,0.0308146580654172,0.423539982623511,0.410202861398862,20.7939867920078,0.001,"SERC","func","soil"
"MEM5",5,0.0254355612958841,0.448975543919395,0.434773882680204,17.9102718108021,0.001,"SERC","func","soil"
"MEM122",122,0.0238838280212104,0.472859371940605,0.457876046595248,17.5342991076889,0.001,"SERC","func","soil"
"MEM34",34,0.0228471069976311,0.495706478938237,0.480028960148752,17.4877981428706,0.001,"SERC","func","soil"
"MEM21",21,0.0192385624899278,0.514945041428164,0.498566562307557,15.2701182159449,0.001,"SERC","func","soil"
"MEM38",38,0.0126355931272429,0.527580634555407,0.510357011856907,10.2706792222521,0.004,"SERC","func","soil"
"MEM64",64,0.0111826837058367,0.538763318261244,0.520699218454243,9.28583529651127,0.002,"SERC","func","soil"
"MEM36",36,0.0108437961176189,0.549607114378863,0.530742490897349,9.1971481992166,0.004,"SERC","func","soil"
"MEM143",143,0.00965729409783556,0.559264408476698,0.539599040875921,8.34838193702089,0.007,"SERC","func","soil"
"MEM96",96,0.00919548912204837,0.568459897598747,0.548018524327109,8.09724483758252,0.003,"SERC","func","soil"
"MEM6",6,0.00896767517732144,0.577427572776068,0.556243203073549,8.04299730233877,0.009,"SERC","func","soil"
"MEM91",91,0.00892633434359691,0.586353907119665,0.56446787045933,8.15710444255484,0.006,"SERC","func","soil"
"MEM112",112,0.00869574979848242,0.595049656918148,0.572492741255763,8.09555475142599,0.003,"SERC","func","soil"
"MEM141",141,0.00731240333603345,0.602362060254181,0.579096010588202,6.9144902423197,0.012,"SERC","func","soil"
"MEM159",159,0.00689442507619298,0.609256485330374,0.585290883097304,6.61664060056974,0.01,"SERC","func","soil"
"MEM53",53,0.00603797367128256,0.615294459001657,0.590607472413528,5.86994964304245,0.015,"SERC","func","soil"
"MEM138",138,0.00573713540542442,0.621031594407081,0.595631567222569,5.64678077285948,0.021,"SERC","func","soil"
"MEM45",45,0.00564262753505895,0.62667422194214,0.60058156003487,5.62258908013742,0.018,"SERC","func","soil"
"MEM7",7,0.00564121466387024,0.63231543660601,0.605556721749844,5.69208187849115,0.018,"SERC","func","soil"
"MEM19",19,0.00479967452094299,0.637115111126953,0.609653551968993,4.89378209785469,0.023,"SERC","func","soil"
"MEM100",100,0.00478807566872108,0.641903186795674,0.613760076814847,4.93386105826629,0.033,"SERC","func","soil"
"MEM76",76,0.00457185341630528,0.64647504021198,0.617655070664043,4.75904744663337,0.032,"SERC","func","soil"
"MEM56",56,0.00442357183147524,0.650898612043455,0.621410483905436,4.65037068931245,0.03,"SERC","func","soil"
"MEM163",163,0.00440036554004297,0.655298977583498,0.625161183273858,4.67226286816672,0.028,"SERC","func","soil"
"MEM142",142,0.00430056231314324,0.659599539896641,0.628823607887296,4.61134877379619,0.035,"SERC","func","soil"
"MEM147",147,0.00426813988646502,0.663867679783106,0.632470704817792,4.62199802051401,0.044,"SERC","func","soil"
"MEM18",18,0.00426066152135318,0.668128341304459,0.636129696526652,4.66029590574372,0.036,"SERC","func","soil"
"MEM172",172,0.00425826402344198,0.672386605327901,0.639806267736201,4.70521535918531,0.021,"SERC","func","soil"
"MEM136",136,0.0042434923049095,0.676630097632811,0.64348692204393,4.73730149546461,0.025,"SERC","func","soil"
"MEM30",30,0.00420814124637781,0.680838238879188,0.647148941871992,4.74659258482587,0.04,"SERC","func","soil"
"MEM28",28,0.0042008447743711,0.68503908365356,0.650823273799768,4.7882235405373,0.027,"SERC","func","soil"
"MEM124",124,0.00417109355631984,0.689210177209879,0.654485057345062,4.80469881464204,0.029,"SERC","func","soil"
"MEM42",42,0.00403672634902807,0.693246903558908,0.658017556348586,4.69795194676956,0.027,"SERC","func","soil"
"MEM79",79,0.00394739714643022,0.697194300705338,0.661470032811024,4.640841924054,0.034,"SERC","func","soil"
"MEM57",57,0.00392980250812935,0.701124103213467,0.664922234025239,4.66775643464596,0.029,"SERC","func","soil"
"elev_mean",5,0.0112108907216873,0.0112108907216873,0.00872023805347999,4.50118591997672,0.029,"SERC","meta","topo"
"aspect",1,0.00601602989506935,0.0172269206167567,0.0122634202158313,2.42410775022709,0.116,"SERC","meta","topo"
"MEM1",1,0.0883395921380471,0.0883395921380471,0.0860432183147173,38.4691687566575,0.001,"SERC","meta","topo"
"MEM2",2,0.0637696127607044,0.152109204898752,0.147826928155816,29.7830414000702,0.001,"SERC","meta","topo"
"MEM3",3,0.0496708245649409,0.201780029463693,0.19571759930772,24.5796602783183,0.001,"SERC","meta","topo"
"MEM6",6,0.0383915649192168,0.240171594382909,0.232457600417253,19.9074902522059,0.001,"SERC","meta","topo"
"MEM16",16,0.0360127371039859,0.276184331486895,0.266975480742454,19.5533286961586,0.001,"SERC","meta","topo"
"MEM12",12,0.0356846494008038,0.311868980887699,0.301336363248225,20.32808022978,0.001,"SERC","meta","topo"
"MEM11",11,0.0324102755798192,0.344279256467518,0.332540010419622,19.3259369582252,0.001,"SERC","meta","topo"
"MEM34",34,0.0312635866393388,0.375542843106857,0.362733465529562,19.5254368610408,0.001,"SERC","meta","topo"
"MEM5",5,0.0278648789794537,0.403407722086311,0.3896048159135,18.1689209268908,0.001,"SERC","meta","topo"
"MEM8",8,0.0259860009414785,0.429393723027789,0.414687375683145,17.6699219272428,0.001,"SERC","meta","topo"
"MEM122",122,0.0259201607994953,0.455313883827285,0.439831849517466,18.4162987297879,0.001,"SERC","meta","topo"
"MEM64",64,0.0193547618530097,0.474668645680294,0.458337100986417,14.2213823976611,0.002,"SERC","meta","topo"
"MEM18",18,0.0145267027438403,0.489195348424135,0.471947399150144,10.9489616806041,0.002,"SERC","meta","topo"
"MEM22",22,0.0145179759401661,0.503713324364301,0.485619539315083,11.2332307811465,0.002,"SERC","meta","topo"
"MEM141",141,0.0142661105326003,0.517979434896901,0.499101344879808,11.335450662395,0.003,"SERC","meta","topo"
"MEM143",143,0.0139409493834026,0.531920384280304,0.512314955349636,11.3772155112366,0.003,"SERC","meta","topo"
"MEM10",10,0.0134696947107869,0.54539007899109,0.525105646820089,11.2886970733514,0.002,"SERC","meta","topo"
"MEM17",17,0.0104700436853848,0.555860122676475,0.53482191796115,8.9580260714759,0.005,"SERC","meta","topo"
"MEM21",21,0.010179985471283,0.566040108147758,0.544284862909783,8.8907167829462,0.005,"SERC","meta","topo"
"MEM79",79,0.0101066557963684,0.576146763944127,0.553720666798313,9.01329886395782,0.004,"SERC","meta","topo"
"MEM56",56,0.00925803356871069,0.585404797512837,0.562310635040078,8.41852157107872,0.002,"SERC","meta","topo"
"MEM57",57,0.00845535094507954,0.593860148457917,0.570096646505986,7.82787491372411,0.005,"SERC","meta","topo"
"MEM38",38,0.00844633486651236,0.602306483324429,0.577914614301661,7.96436311413648,0.005,"SERC","meta","topo"
"MEM47",47,0.00657887671017321,0.608885360034602,0.583787094368374,6.29099409273574,0.012,"SERC","meta","topo"
"MEM55",55,0.00645926852284295,0.615344628557445,0.589563437441993,6.26354741904399,0.016,"SERC","meta","topo"
"MEM50",50,0.00582120008616249,0.621165828643608,0.594688171505796,5.71618559196774,0.019,"SERC","meta","topo"
"MEM100",100,0.00579900071038808,0.626964829353996,0.599816717204556,5.76736306077585,0.017,"SERC","meta","topo"
"MEM182",182,0.00575768817831701,0.632722517532313,0.60492854588611,5.80036818936952,0.023,"SERC","meta","topo"
"MEM159",159,0.00549962635101486,0.638222143883328,0.609789737847058,5.60941497444781,0.024,"SERC","meta","topo"
"MEM54",54,0.00510272404599943,0.643324867929327,0.614248090858349,5.26474172176298,0.028,"SERC","meta","topo"
"MEM161",161,0.00500430547389774,0.648329173403225,0.618624008213852,5.22244090217438,0.026,"SERC","meta","topo"
"MEM28",28,0.00482305156723639,0.653152224970461,0.622826736443289,5.08937061354419,0.027,"SERC","meta","topo"
"MEM40",40,0.00479823690188452,0.657950461872346,0.627025435137517,5.12018369846253,0.021,"SERC","meta","topo"
"MEM163",163,0.00467136705763149,0.662621828929977,0.63110848328058,5.03997518151508,0.023,"SERC","meta","topo"
"MEM68",68,0.00445929536268663,0.667081124292664,0.634981508177632,4.86221820020276,0.028,"SERC","meta","topo"
"MEM25",25,0.00438550464456577,0.67146662893723,0.638794801980711,4.83224177865782,0.023,"SERC","meta","topo"
"MEM77",77,0.00428738891547276,0.675754017852703,0.642521050153395,4.77337417794913,0.032,"SERC","meta","topo"
"MEM126",126,0.00409901792452627,0.679853035777229,0.64605974510927,4.60927829321113,0.034,"SERC","meta","topo"
"MEM53",53,0.00405160056561016,0.683904636342839,0.649565585694847,4.60153728996681,0.033,"SERC","meta","topo"
"MEM41",41,0.00399542865748637,0.687900065000325,0.653028563883043,4.58303030207812,0.022,"SERC","meta","topo"
"MEM142",142,0.0039855860625726,0.691885651062898,0.656499969532306,4.61794210249156,0.03,"SERC","meta","topo"
"MEM149",149,0.0038482284818091,0.695733879544707,0.659837314771892,4.50253658696561,0.036,"SERC","meta","topo"
"MEM45",45,0.00352483746323584,0.699258717007943,0.66283089963144,4.1607766216844,0.042,"SERC","meta","topo"
"MEM112",112,0.00347782409342789,0.702736541101371,0.665788540560298,4.14161139628438,0.043,"SERC","meta","topo"
"MEM113",113,0.00341563012680279,0.706152171228174,0.66869281628559,4.10320348392851,0.048,"SERC","meta","topo"
"MEM152",152,0.00317182258024173,0.709323993808415,0.67133792481747,3.84098282783347,0.049,"SERC","meta","topo"
"MEM78",78,0.00315728897720413,0.71248128278562,0.673981625494805,3.85438708733646,0.052,"SERC","meta","topo"
"MEM19",19,0.00314824961725091,0.71562953240287,0.67663015398955,3.87483051720713,0.05,"SERC","meta","topo"
"TEB",14,0.0893498164827708,0.0893498164827708,0.0870559873051455,38.9522538793722,0.001,"SERC","meta","soil"
"P",12,0.0778791107130805,0.167228927195851,0.163023012686739,37.0331401384218,0.001,"SERC","meta","soil"
"ECEC",4,0.0344430596539904,0.201671986849842,0.195608736117056,17.0418779489418,0.001,"SERC","meta","soil"
"Na",9,0.0101443392159753,0.211816326065817,0.203814461355825,5.0709876178278,0.023,"SERC","meta","soil"
"pHCaCl2",13,0.0181166280672432,0.22993295413306,0.220135663473175,9.24573369116333,0.005,"SERC","meta","soil"
"TotN",11,0.0103265111026732,0.240259465235733,0.228630783581178,5.32812475709739,0.012,"SERC","meta","soil"
"Fe",5,0.0128300119608029,0.253089477196536,0.239717677555554,6.71637970482035,0.021,"SERC","meta","soil"
"NH4",10,0.00880556407147026,0.261895041268007,0.246754426729914,4.65268515980849,0.035,"SERC","meta","soil"
"Mn",8,0.00796540438240123,0.269860445650408,0.252967756732294,4.24376721723323,0.042,"SERC","meta","soil"
"MEM1",1,0.0883395921380471,0.0883395921380471,0.0860432183147173,38.4691687566575,0.001,"SERC","meta","soil"
"MEM2",2,0.0637696127607044,0.152109204898752,0.147826928155816,29.7830414000702,0.001,"SERC","meta","soil"
"MEM3",3,0.0496708245649409,0.201780029463693,0.19571759930772,24.5796602783183,0.001,"SERC","meta","soil"
"MEM6",6,0.0383915649192168,0.240171594382909,0.232457600417253,19.9074902522059,0.001,"SERC","meta","soil"
"MEM16",16,0.0360127371039859,0.276184331486895,0.266975480742454,19.5533286961586,0.001,"SERC","meta","soil"
"MEM12",12,0.0356846494008038,0.311868980887699,0.301336363248225,20.32808022978,0.001,"SERC","meta","soil"
"MEM11",11,0.0324102755798192,0.344279256467518,0.332540010419622,19.3259369582252,0.001,"SERC","meta","soil"
"MEM34",34,0.0312635866393388,0.375542843106857,0.362733465529562,19.5254368610408,0.001,"SERC","meta","soil"
"MEM5",5,0.0278648789794537,0.403407722086311,0.3896048159135,18.1689209268908,0.001,"SERC","meta","soil"
"MEM8",8,0.0259860009414785,0.429393723027789,0.414687375683145,17.6699219272428,0.001,"SERC","meta","soil"
"MEM122",122,0.0259201607994953,0.455313883827285,0.439831849517466,18.4162987297879,0.001,"SERC","meta","soil"
"MEM64",64,0.0193547618530097,0.474668645680294,0.458337100986417,14.2213823976611,0.001,"SERC","meta","soil"
"MEM18",18,0.0145267027438403,0.489195348424135,0.471947399150144,10.9489616806041,0.001,"SERC","meta","soil"
"MEM22",22,0.0145179759401661,0.503713324364301,0.485619539315083,11.2332307811465,0.003,"SERC","meta","soil"
"MEM141",141,0.0142661105326003,0.517979434896901,0.499101344879808,11.335450662395,0.001,"SERC","meta","soil"
"MEM143",143,0.0139409493834026,0.531920384280304,0.512314955349636,11.3772155112366,0.002,"SERC","meta","soil"
"MEM10",10,0.0134696947107869,0.54539007899109,0.525105646820089,11.2886970733514,0.004,"SERC","meta","soil"
"MEM17",17,0.0104700436853848,0.555860122676475,0.53482191796115,8.9580260714759,0.003,"SERC","meta","soil"
"MEM21",21,0.010179985471283,0.566040108147758,0.544284862909783,8.8907167829462,0.004,"SERC","meta","soil"
"MEM79",79,0.0101066557963684,0.576146763944127,0.553720666798313,9.01329886395782,0.002,"SERC","meta","soil"
"MEM56",56,0.00925803356871069,0.585404797512837,0.562310635040078,8.41852157107872,0.006,"SERC","meta","soil"
"MEM57",57,0.00845535094507954,0.593860148457917,0.570096646505986,7.82787491372411,0.003,"SERC","meta","soil"
"MEM38",38,0.00844633486651236,0.602306483324429,0.577914614301661,7.96436311413648,0.003,"SERC","meta","soil"
"MEM47",47,0.00657887671017321,0.608885360034602,0.583787094368374,6.29099409273574,0.015,"SERC","meta","soil"
"MEM55",55,0.00645926852284295,0.615344628557445,0.589563437441993,6.26354741904399,0.011,"SERC","meta","soil"
"MEM50",50,0.00582120008616249,0.621165828643608,0.594688171505796,5.71618559196774,0.015,"SERC","meta","soil"
"MEM100",100,0.00579900071038808,0.626964829353996,0.599816717204556,5.76736306077585,0.012,"SERC","meta","soil"
"MEM182",182,0.00575768817831701,0.632722517532313,0.60492854588611,5.80036818936952,0.017,"SERC","meta","soil"
"MEM159",159,0.00549962635101486,0.638222143883328,0.609789737847058,5.60941497444781,0.018,"SERC","meta","soil"
"MEM54",54,0.00510272404599943,0.643324867929327,0.614248090858349,5.26474172176298,0.022,"SERC","meta","soil"
"MEM161",161,0.00500430547389774,0.648329173403225,0.618624008213852,5.22244090217438,0.02,"SERC","meta","soil"
"MEM28",28,0.00482305156723639,0.653152224970461,0.622826736443289,5.08937061354419,0.023,"SERC","meta","soil"
"MEM40",40,0.00479823690188452,0.657950461872346,0.627025435137517,5.12018369846253,0.021,"SERC","meta","soil"
"MEM163",163,0.00467136705763149,0.662621828929977,0.63110848328058,5.03997518151508,0.031,"SERC","meta","soil"
"MEM68",68,0.00445929536268663,0.667081124292664,0.634981508177632,4.86221820020276,0.02,"SERC","meta","soil"
"MEM25",25,0.00438550464456577,0.67146662893723,0.638794801980711,4.83224177865782,0.031,"SERC","meta","soil"
"MEM77",77,0.00428738891547276,0.675754017852703,0.642521050153395,4.77337417794913,0.03,"SERC","meta","soil"
"MEM126",126,0.00409901792452627,0.679853035777229,0.64605974510927,4.60927829321113,0.041,"SERC","meta","soil"
"MEM53",53,0.00405160056561016,0.683904636342839,0.649565585694847,4.60153728996681,0.041,"SERC","meta","soil"
"MEM41",41,0.00399542865748637,0.687900065000325,0.653028563883043,4.58303030207812,0.039,"SERC","meta","soil"
"MEM142",142,0.0039855860625726,0.691885651062898,0.656499969532306,4.61794210249156,0.038,"SERC","meta","soil"
"MEM149",149,0.0038482284818091,0.695733879544707,0.659837314771892,4.50253658696561,0.032,"SERC","meta","soil"
"MEM45",45,0.00352483746323584,0.699258717007943,0.66283089963144,4.1607766216844,0.047,"SERC","meta","soil"
"MEM112",112,0.00347782409342789,0.702736541101371,0.665788540560298,4.14161139628438,0.04,"SERC","meta","soil"
"MEM113",113,0.00341563012680279,0.706152171228174,0.66869281628559,4.10320348392851,0.048,"SERC","meta","soil"
"MEM152",152,0.00317182258024173,0.709323993808415,0.67133792481747,3.84098282783347,0.052,"SERC","meta","soil"
